controller,instance_seed,target,success,steps,task_cost,task_inference_ms,meta_inference_ms,switch_ms,agent_pool_setup_ms,total_online_compute_ms,switches,allocation_steps,allocation_sequence,total_compute_ms,decisions,meta_decisions,allocation_counts,false_finds,collisions
adaptive,20000,"[12, 19]",True,29,29.0,608.3766999999999,21.667,0.6229,800.9656,630.6665999999999,16,"{'g2_T1': 2, 'g2_T2': 7, 'g5_T2': 6, 'g10_T1': 7, 'g10_T2': 7}","[""g2_T1"", ""g10_T1"", ""g5_T2"", ""g5_T2"", ""g5_T2"", ""g5_T2"", ""g5_T2"", ""g5_T2"", ""g2_T2"", ""g10_T2"", ""g2_T2"", ""g10_T2"", ""g2_T2"", ""g10_T2"", ""g2_T2"", ""g10_T2"", ""g2_T2"", ""g10_T2"", ""g2_T2"", ""g2_T2"", ""g10_T2"", ""g10_T2"", ""g2_T1"", ""g10_T1"", ""g10_T1"", ""g10_T1"", ""g10_T1"", ""g10_T1"", ""g10_T1""]",630.6665999999999,29,28,"{""g10_T1"": 7, ""g10_T2"": 7, ""g2_T1"": 2, ""g2_T2"": 7, ""g5_T2"": 6}",,
fixed_g2_T1,20000,,False,50,150.0,135.3014,0.0,0.0,,,0,,,135.3014,50,,"{""g2_T1"": 50}",0,0
fixed_g2_T2,20000,,False,50,150.0,300.7347,0.0,0.0,,,0,,,300.7347,50,,"{""g2_T2"": 50}",0,0
fixed_g2_T3,20000,,False,50,150.0,2398.9284,0.0,0.0,,,0,,,2398.9284,50,,"{""g2_T3"": 50}",0,0
fixed_g5_T1,20000,,False,50,150.0,380.8885,0.0,0.0,,,0,,,380.8885,50,,"{""g5_T1"": 50}",0,0
fixed_g5_T2,20000,,True,19,24.0,264.44399999999996,0.0,0.0,,,0,,,264.44399999999996,19,,"{""g5_T2"": 19}",1,0
fixed_g5_T3,20000,,True,19,24.0,6849.0975,0.0,0.0,,,0,,,6849.0975,19,,"{""g5_T3"": 19}",1,0
fixed_g10_T1,20000,,True,23,23.0,598.4412,0.0,0.0,,,0,,,598.4412,23,,"{""g10_T1"": 23}",0,0
fixed_g10_T2,20000,,True,23,28.0,907.5038,0.0,0.0,,,0,,,907.5038,23,,"{""g10_T2"": 23}",1,0
fixed_g10_T3,20000,,True,23,28.0,12027.966900000001,0.0,0.0,,,0,,,12027.966900000001,23,,"{""g10_T3"": 23}",1,0
fixed_g20_T1,20000,,True,32,32.0,6562.678399999999,0.0,0.0,,,0,,,6562.678399999999,32,,"{""g20_T1"": 32}",0,0
fixed_g20_T2,20000,,True,29,29.0,7253.0583000000015,0.0,0.0,,,0,,,7253.0583000000015,29,,"{""g20_T2"": 29}",0,0
fixed_g20_T3,20000,,True,29,29.0,8165.552000000001,0.0,0.0,,,0,,,8165.552000000001,29,,"{""g20_T3"": 29}",0,0
adaptive,20001,"[11, 10]",True,18,18.0,277.43379999999996,11.728199999999998,0.2076,728.8878,289.3696,7,"{'g2_T1': 1, 'g2_T2': 4, 'g5_T1': 1, 'g5_T2': 6, 'g10_T1': 5, 'g10_T2': 1}","[""g2_T1"", ""g2_T2"", ""g10_T1"", ""g10_T1"", ""g10_T1"", ""g10_T1"", ""g10_T1"", ""g2_T2"", ""g5_T1"", ""g2_T2"", ""g2_T2"", ""g5_T2"", ""g5_T2"", ""g5_T2"", ""g5_T2"", ""g5_T2"", ""g5_T2"", ""g10_T2""]",289.3696,18,17,"{""g10_T1"": 5, ""g10_T2"": 1, ""g2_T1"": 1, ""g2_T2"": 4, ""g5_T1"": 1, ""g5_T2"": 6}",,
fixed_g2_T1,20001,,False,50,150.0,146.3432,0.0,0.0,,,0,,,146.3432,50,,"{""g2_T1"": 50}",0,0
fixed_g2_T2,20001,,False,50,150.0,304.70989999999995,0.0,0.0,,,0,,,304.70989999999995,50,,"{""g2_T2"": 50}",0,0
fixed_g2_T3,20001,,False,50,150.0,2398.551499999999,0.0,0.0,,,0,,,2398.551499999999,50,,"{""g2_T3"": 50}",0,0
fixed_g5_T1,20001,,False,50,150.0,377.2271,0.0,0.0,,,0,,,377.2271,50,,"{""g5_T1"": 50}",0,0
fixed_g5_T2,20001,,False,50,155.0,772.0249,0.0,0.0,,,0,,,772.0249,50,,"{""g5_T2"": 50}",1,0
fixed_g5_T3,20001,,True,26,26.0,9367.421900000001,0.0,0.0,,,0,,,9367.421900000001,26,,"{""g5_T3"": 26}",0,0
fixed_g10_T1,20001,,True,28,28.0,729.1459,0.0,0.0,,,0,,,729.1459,28,,"{""g10_T1"": 28}",0,0
fixed_g10_T2,20001,,True,30,30.0,1247.3239,0.0,0.0,,,0,,,1247.3239,30,,"{""g10_T2"": 30}",0,0
fixed_g10_T3,20001,,False,50,155.0,26312.542900000008,0.0,0.0,,,0,,,26312.542900000008,50,,"{""g10_T3"": 50}",1,0
fixed_g20_T1,20001,,True,28,28.0,5665.7866,0.0,0.0,,,0,,,5665.7866,28,,"{""g20_T1"": 28}",0,0
fixed_g20_T2,20001,,True,24,24.0,6066.107999999999,0.0,0.0,,,0,,,6066.107999999999,24,,"{""g20_T2"": 24}",0,0
fixed_g20_T3,20001,,True,24,24.0,6995.6954,0.0,0.0,,,0,,,6995.6954,24,,"{""g20_T3"": 24}",0,0
adaptive,20002,"[11, 17]",True,30,30.0,874.8526000000003,22.9232,0.1641,663.2396,897.9399000000002,5,"{'g2_T1': 1, 'g2_T2': 2, 'g10_T1': 12, 'g10_T2': 15}","[""g2_T1"", ""g10_T2"", ""g10_T2"", ""g10_T2"", ""g10_T2"", ""g10_T2"", ""g10_T2"", ""g2_T2"", ""g10_T2"", ""g10_T2"", ""g10_T2"", ""g10_T2"", ""g10_T2"", ""g10_T2"", ""g10_T2"", ""g10_T2"", ""g10_T2"", ""g2_T2"", ""g10_T1"", ""g10_T1"", ""g10_T1"", ""g10_T1"", ""g10_T1"", ""g10_T1"", ""g10_T1"", ""g10_T1"", ""g10_T1"", ""g10_T1"", ""g10_T1"", ""g10_T1""]",897.9399000000002,30,29,"{""g10_T1"": 12, ""g10_T2"": 15, ""g2_T1"": 1, ""g2_T2"": 2}",,
fixed_g2_T1,20002,,False,50,160.5,135.05010000000001,0.0,0.0,,,0,,,135.05010000000001,50,,"{""g2_T1"": 50}",0,21
fixed_g2_T2,20002,,False,50,154.5,300.34180000000003,0.0,0.0,,,0,,,300.34180000000003,50,,"{""g2_T2"": 50}",0,9
fixed_g2_T3,20002,,False,50,150.0,2380.6052000000004,0.0,0.0,,,0,,,2380.6052000000004,50,,"{""g2_T3"": 50}",0,0
fixed_g5_T1,20002,,True,18,18.0,134.7868,0.0,0.0,,,0,,,134.7868,18,,"{""g5_T1"": 18}",0,0
fixed_g5_T2,20002,,True,18,18.0,274.431,0.0,0.0,,,0,,,274.431,18,,"{""g5_T2"": 18}",0,0
fixed_g5_T3,20002,,True,18,18.0,6481.6464,0.0,0.0,,,0,,,6481.6464,18,,"{""g5_T3"": 18}",0,0
fixed_g10_T1,20002,,False,50,150.0,1477.7363,0.0,0.0,,,0,,,1477.7363,50,,"{""g10_T1"": 50}",0,0
fixed_g10_T2,20002,,True,24,24.0,943.4342999999999,0.0,0.0,,,0,,,943.4342999999999,24,,"{""g10_T2"": 24}",0,0
fixed_g10_T3,20002,,True,24,24.0,12321.690800000002,0.0,0.0,,,0,,,12321.690800000002,24,,"{""g10_T3"": 24}",0,0
fixed_g20_T1,20002,,True,32,32.0,6571.0520000000015,0.0,0.0,,,0,,,6571.0520000000015,32,,"{""g20_T1"": 32}",0,0
fixed_g20_T2,20002,,True,18,18.0,4615.4256000000005,0.0,0.0,,,0,,,4615.4256000000005,18,,"{""g20_T2"": 18}",0,0
fixed_g20_T3,20002,,True,13,13.0,3694.7330999999995,0.0,0.0,,,0,,,3694.7330999999995,13,,"{""g20_T3"": 13}",0,0
adaptive,20003,"[10, 10]",True,12,12.0,152.8601,7.146399999999999,0.0973,719.3253,160.10379999999998,3,"{'g2_T1': 1, 'g2_T2': 1, 'g5_T2': 10}","[""g2_T1"", ""g5_T2"", ""g2_T2"", ""g5_T2"", ""g5_T2"", ""g5_T2"", ""g5_T2"", ""g5_T2"", ""g5_T2"", ""g5_T2"", ""g5_T2"", ""g5_T2""]",160.10379999999998,12,11,"{""g2_T1"": 1, ""g2_T2"": 1, ""g5_T2"": 10}",,
fixed_g2_T1,20003,,False,50,150.0,140.13379999999995,0.0,0.0,,,0,,,140.13379999999995,50,,"{""g2_T1"": 50}",0,0
fixed_g2_T2,20003,,False,50,150.0,312.6642,0.0,0.0,,,0,,,312.6642,50,,"{""g2_T2"": 50}",0,0
fixed_g2_T3,20003,,False,50,150.0,2388.2906000000003,0.0,0.0,,,0,,,2388.2906000000003,50,,"{""g2_T3"": 50}",0,0
fixed_g5_T1,20003,,False,50,150.0,373.10290000000003,0.0,0.0,,,0,,,373.10290000000003,50,,"{""g5_T1"": 50}",0,0
fixed_g5_T2,20003,,True,10,10.0,142.3386,0.0,0.0,,,0,,,142.3386,10,,"{""g5_T2"": 10}",0,0
fixed_g5_T3,20003,,True,11,11.0,3968.9333,0.0,0.0,,,0,,,3968.9333,11,,"{""g5_T3"": 11}",0,0
fixed_g10_T1,20003,,True,11,11.0,301.5755,0.0,0.0,,,0,,,301.5755,11,,"{""g10_T1"": 11}",0,0
fixed_g10_T2,20003,,True,9,9.0,416.73940000000005,0.0,0.0,,,0,,,416.73940000000005,9,,"{""g10_T2"": 9}",0,0
fixed_g10_T3,20003,,True,9,9.0,4691.433300000001,0.0,0.0,,,0,,,4691.433300000001,9,,"{""g10_T3"": 9}",0,0
fixed_g20_T1,20003,,True,10,10.0,2134.9739,0.0,0.0,,,0,,,2134.9739,10,,"{""g20_T1"": 10}",0,0
fixed_g20_T2,20003,,True,10,10.0,2490.9847,0.0,0.0,,,0,,,2490.9847,10,,"{""g20_T2"": 10}",0,0
fixed_g20_T3,20003,,True,10,10.0,2747.1288000000004,0.0,0.0,,,0,,,2747.1288000000004,10,,"{""g20_T3"": 10}",0,0
adaptive,20004,"[17, 14]",True,35,35.0,517.999,25.914299999999997,0.06639999999999999,668.9646,543.9797000000001,2,"{'g2_T1': 1, 'g5_T2': 27, 'g10_T1': 7}","[""g2_T1"", ""g10_T1"", ""g10_T1"", ""g10_T1"", ""g10_T1"", ""g10_T1"", ""g10_T1"", ""g10_T1"", ""g5_T2"", ""g5_T2"", ""g5_T2"", ""g5_T2"", ""g5_T2"", ""g5_T2"", ""g5_T2"", ""g5_T2"", ""g5_T2"", ""g5_T2"", ""g5_T2"", ""g5_T2"", ""g5_T2"", ""g5_T2"", ""g5_T2"", ""g5_T2"", ""g5_T2"", ""g5_T2"", ""g5_T2"", ""g5_T2"", ""g5_T2"", ""g5_T2"", ""g5_T2"", ""g5_T2"", ""g5_T2"", ""g5_T2"", ""g5_T2""]",543.9797000000001,35,34,"{""g10_T1"": 7, ""g2_T1"": 1, ""g5_T2"": 27}",,
fixed_g2_T1,20004,,False,50,168.0,135.0374,0.0,0.0,,,0,,,135.0374,50,,"{""g2_T1"": 50}",0,36
fixed_g2_T2,20004,,False,50,157.0,305.6226,0.0,0.0,,,0,,,305.6226,50,,"{""g2_T2"": 50}",0,14
fixed_g2_T3,20004,,False,50,150.0,2412.6715,0.0,0.0,,,0,,,2412.6715,50,,"{""g2_T3"": 50}",0,0
fixed_g5_T1,20004,,False,50,150.0,370.2501999999999,0.0,0.0,,,0,,,370.2501999999999,50,,"{""g5_T1"": 50}",0,0
fixed_g5_T2,20004,,True,35,35.0,449.6143000000001,0.0,0.0,,,0,,,449.6143000000001,35,,"{""g5_T2"": 35}",0,0
fixed_g5_T3,20004,,True,32,32.0,11548.3417,0.0,0.0,,,0,,,11548.3417,32,,"{""g5_T3"": 32}",0,0
fixed_g10_T1,20004,,False,50,150.0,1319.7946000000002,0.0,0.0,,,0,,,1319.7946000000002,50,,"{""g10_T1"": 50}",0,0
fixed_g10_T2,20004,,True,35,35.0,1444.9284,0.0,0.0,,,0,,,1444.9284,35,,"{""g10_T2"": 35}",0,0
fixed_g10_T3,20004,,True,35,35.0,18098.7534,0.0,0.0,,,0,,,18098.7534,35,,"{""g10_T3"": 35}",0,0
fixed_g20_T1,20004,,False,50,150.0,10238.534599999999,0.0,0.0,,,0,,,10238.534599999999,50,,"{""g20_T1"": 50}",0,0
fixed_g20_T2,20004,,False,50,150.0,12271.7161,0.0,0.0,,,0,,,12271.7161,50,,"{""g20_T2"": 50}",0,0
fixed_g20_T3,20004,,True,36,36.0,10592.0146,0.0,0.0,,,0,,,10592.0146,36,,"{""g20_T3"": 36}",0,0
adaptive,20005,"[17, 4]",False,50,150.0,1185.4499999999998,35.98309999999999,0.5777000000000001,723.2433,1222.0107999999998,18,"{'g2_T1': 1, 'g2_T2': 4, 'g5_T1': 5, 'g5_T2': 14, 'g10_T1': 12, 'g10_T2': 14}","[""g2_T1"", ""g10_T1"", ""g10_T1"", ""g5_T2"", ""g5_T2"", ""g5_T2"", ""g5_T2"", ""g5_T2"", ""g10_T2"", ""g10_T2"", ""g10_T2"", ""g10_T2"", ""g10_T2"", ""g10_T2"", ""g10_T2"", ""g2_T2"", ""g10_T2"", ""g2_T2"", ""g10_T2"", ""g2_T2"", ""g10_T2"", ""g2_T2"", ""g10_T1"", ""g10_T1"", ""g10_T1"", ""g10_T1"", ""g10_T1"", ""g10_T1"", ""g10_T1"", ""g10_T2"", ""g10_T2"", ""g5_T2"", ""g5_T2"", ""g5_T2"", ""g10_T1"", ""g10_T1"", ""g10_T1"", ""g10_T2"", ""g5_T1"", ""g5_T1"", ""g5_T1"", ""g5_T1"", ""g5_T1"", ""g10_T2"", ""g5_T2"", ""g5_T2"", ""g5_T2"", ""g5_T2"", ""g5_T2"", ""g5_T2""]",1222.0107999999998,50,49,"{""g10_T1"": 12, ""g10_T2"": 14, ""g2_T1"": 1, ""g2_T2"": 4, ""g5_T1"": 5, ""g5_T2"": 14}",,
fixed_g2_T1,20005,,False,50,155.0,135.24539999999996,0.0,0.0,,,0,,,135.24539999999996,50,,"{""g2_T1"": 50}",1,0
fixed_g2_T2,20005,,False,50,155.0,301.03630000000004,0.0,0.0,,,0,,,301.03630000000004,50,,"{""g2_T2"": 50}",1,0
fixed_g2_T3,20005,,False,50,155.0,2380.9583000000002,0.0,0.0,,,0,,,2380.9583000000002,50,,"{""g2_T3"": 50}",1,0
fixed_g5_T1,20005,,True,37,37.0,275.9557,0.0,0.0,,,0,,,275.9557,37,,"{""g5_T1"": 37}",0,0
fixed_g5_T2,20005,,False,50,150.0,740.8751000000002,0.0,0.0,,,0,,,740.8751000000002,50,,"{""g5_T2"": 50}",0,0
fixed_g5_T3,20005,,False,50,150.0,18025.837999999996,0.0,0.0,,,0,,,18025.837999999996,50,,"{""g5_T3"": 50}",0,0
fixed_g10_T1,20005,,True,37,37.0,980.6513,0.0,0.0,,,0,,,980.6513,37,,"{""g10_T1"": 37}",0,0
fixed_g10_T2,20005,,True,50,50.0,2035.1783999999993,0.0,0.0,,,0,,,2035.1783999999993,50,,"{""g10_T2"": 50}",0,0
fixed_g10_T3,20005,,True,37,37.0,18939.9295,0.0,0.0,,,0,,,18939.9295,37,,"{""g10_T3"": 37}",0,0
fixed_g20_T1,20005,,True,44,44.0,9165.1373,0.0,0.0,,,0,,,9165.1373,44,,"{""g20_T1"": 44}",0,0
fixed_g20_T2,20005,,True,37,37.0,9245.870700000001,0.0,0.0,,,0,,,9245.870700000001,37,,"{""g20_T2"": 37}",0,0
fixed_g20_T3,20005,,False,50,150.0,14339.304399999999,0.0,0.0,,,0,,,14339.304399999999,50,,"{""g20_T3"": 50}",0,0
adaptive,20006,"[17, 16]",True,39,49.0,1023.5657,28.839500000000005,0.38130000000000003,660.7288,1052.7865,13,"{'g2_T1': 1, 'g2_T2': 3, 'g5_T1': 3, 'g5_T2': 3, 'g10_T1': 16, 'g10_T2': 13}","[""g2_T1"", ""g10_T1"", ""g2_T2"", ""g10_T1"", ""g10_T1"", ""g10_T1"", ""g2_T2"", ""g2_T2"", ""g10_T1"", ""g10_T1"", ""g10_T1"", ""g10_T1"", ""g10_T1"", ""g10_T1"", ""g10_T1"", ""g10_T1"", ""g10_T1"", ""g10_T2"", ""g10_T2"", ""g10_T2"", ""g10_T2"", ""g10_T2"", ""g10_T2"", ""g10_T2"", ""g10_T2"", ""g10_T2"", ""g10_T1"", ""g10_T1"", ""g10_T1"", ""g5_T1"", ""g5_T1"", ""g5_T1"", ""g10_T2"", ""g5_T2"", ""g10_T2"", ""g10_T2"", ""g5_T2"", ""g5_T2"", ""g10_T2""]",1052.7865,39,38,"{""g10_T1"": 16, ""g10_T2"": 13, ""g2_T1"": 1, ""g2_T2"": 3, ""g5_T1"": 3, ""g5_T2"": 3}",,
fixed_g2_T1,20006,,False,50,164.5,137.83200000000002,0.0,0.0,,,0,,,137.83200000000002,50,,"{""g2_T1"": 50}",0,29
fixed_g2_T2,20006,,False,50,150.0,300.6762,0.0,0.0,,,0,,,300.6762,50,,"{""g2_T2"": 50}",0,0
fixed_g2_T3,20006,,False,50,150.0,2391.678700000001,0.0,0.0,,,0,,,2391.678700000001,50,,"{""g2_T3"": 50}",0,0
fixed_g5_T1,20006,,True,44,44.0,326.2149,0.0,0.0,,,0,,,326.2149,44,,"{""g5_T1"": 44}",0,0
fixed_g5_T2,20006,,True,43,43.0,631.1530999999998,0.0,0.0,,,0,,,631.1530999999998,43,,"{""g5_T2"": 43}",0,0
fixed_g5_T3,20006,,True,37,42.0,13362.4524,0.0,0.0,,,0,,,13362.4524,37,,"{""g5_T3"": 37}",1,0
fixed_g10_T1,20006,,True,38,38.0,1004.9954999999999,0.0,0.0,,,0,,,1004.9954999999999,38,,"{""g10_T1"": 38}",0,0
fixed_g10_T2,20006,,True,32,32.0,1304.5607999999997,0.0,0.0,,,0,,,1304.5607999999997,32,,"{""g10_T2"": 32}",0,0
fixed_g10_T3,20006,,True,39,39.0,20219.665600000004,0.0,0.0,,,0,,,20219.665600000004,39,,"{""g10_T3"": 39}",0,0
fixed_g20_T1,20006,,True,39,39.0,8017.018900000001,0.0,0.0,,,0,,,8017.018900000001,39,,"{""g20_T1"": 39}",0,0
fixed_g20_T2,20006,,True,39,39.0,9694.0776,0.0,0.0,,,0,,,9694.0776,39,,"{""g20_T2"": 39}",0,0
fixed_g20_T3,20006,,True,32,32.0,9095.8631,0.0,0.0,,,0,,,9095.8631,32,,"{""g20_T3"": 32}",0,0
adaptive,20007,"[12, 16]",True,25,30.0,353.7722,15.966700000000001,0.1283,659.9122,369.8672,5,"{'g2_T1': 1, 'g5_T1': 2, 'g5_T2': 19, 'g10_T1': 2, 'g10_T2': 1}","[""g2_T1"", ""g10_T1"", ""g5_T1"", ""g5_T1"", ""g5_T2"", ""g5_T2"", ""g5_T2"", ""g5_T2"", ""g5_T2"", ""g5_T2"", ""g5_T2"", ""g5_T2"", ""g5_T2"", ""g5_T2"", ""g5_T2"", ""g5_T2"", ""g5_T2"", ""g5_T2"", ""g5_T2"", ""g5_T2"", ""g5_T2"", ""g5_T2"", ""g5_T2"", ""g10_T2"", ""g10_T1""]",369.8672,25,24,"{""g10_T1"": 2, ""g10_T2"": 1, ""g2_T1"": 1, ""g5_T1"": 2, ""g5_T2"": 19}",,
fixed_g2_T1,20007,,False,50,158.5,142.9425,0.0,0.0,,,0,,,142.9425,50,,"{""g2_T1"": 50}",0,17
fixed_g2_T2,20007,,False,50,150.0,300.9252000000001,0.0,0.0,,,0,,,300.9252000000001,50,,"{""g2_T2"": 50}",0,0
fixed_g2_T3,20007,,False,50,155.0,2387.617400000001,0.0,0.0,,,0,,,2387.617400000001,50,,"{""g2_T3"": 50}",1,0
fixed_g5_T1,20007,,False,50,155.0,371.1699,0.0,0.0,,,0,,,371.1699,50,,"{""g5_T1"": 50}",1,0
fixed_g5_T2,20007,,True,25,30.0,359.8005,0.0,0.0,,,0,,,359.8005,25,,"{""g5_T2"": 25}",1,0
fixed_g5_T3,20007,,True,25,25.0,9010.957800000002,0.0,0.0,,,0,,,9010.957800000002,25,,"{""g5_T3"": 25}",0,0
fixed_g10_T1,20007,,True,26,26.0,672.4865000000001,0.0,0.0,,,0,,,672.4865000000001,26,,"{""g10_T1"": 26}",0,0
fixed_g10_T2,20007,,True,25,25.0,1004.4654999999999,0.0,0.0,,,0,,,1004.4654999999999,25,,"{""g10_T2"": 25}",0,0
fixed_g10_T3,20007,,True,25,25.0,12845.3465,0.0,0.0,,,0,,,12845.3465,25,,"{""g10_T3"": 25}",0,0
fixed_g20_T1,20007,,True,26,26.0,5443.6993,0.0,0.0,,,0,,,5443.6993,26,,"{""g20_T1"": 26}",0,0
fixed_g20_T2,20007,,True,26,26.0,6489.099800000001,0.0,0.0,,,0,,,6489.099800000001,26,,"{""g20_T2"": 26}",0,0
fixed_g20_T3,20007,,True,25,25.0,7028.9125,0.0,0.0,,,0,,,7028.9125,25,,"{""g20_T3"": 25}",0,0
adaptive,20008,"[12, 1]",True,28,33.0,434.1222,19.576800000000002,0.23420000000000002,724.7017,453.9332,8,"{'g2_T1': 1, 'g2_T2': 2, 'g5_T1': 3, 'g5_T2': 16, 'g10_T1': 4, 'g10_T2': 2}","[""g2_T1"", ""g10_T1"", ""g10_T1"", ""g10_T1"", ""g5_T1"", ""g5_T1"", ""g5_T1"", ""g2_T2"", ""g5_T2"", ""g2_T2"", ""g5_T2"", ""g5_T2"", ""g5_T2"", ""g5_T2"", ""g5_T2"", ""g5_T2"", ""g5_T2"", ""g5_T2"", ""g5_T2"", ""g5_T2"", ""g5_T2"", ""g5_T2"", ""g5_T2"", ""g5_T2"", ""g5_T2"", ""g10_T2"", ""g10_T2"", ""g10_T1""]",453.9332,28,27,"{""g10_T1"": 4, ""g10_T2"": 2, ""g2_T1"": 1, ""g2_T2"": 2, ""g5_T1"": 3, ""g5_T2"": 16}",,
fixed_g2_T1,20008,,False,50,150.0,139.67139999999998,0.0,0.0,,,0,,,139.67139999999998,50,,"{""g2_T1"": 50}",0,0
fixed_g2_T2,20008,,False,50,150.0,316.8347999999999,0.0,0.0,,,0,,,316.8347999999999,50,,"{""g2_T2"": 50}",0,0
fixed_g2_T3,20008,,False,50,150.0,2506.7093,0.0,0.0,,,0,,,2506.7093,50,,"{""g2_T3"": 50}",0,0
fixed_g5_T1,20008,,True,31,31.0,232.46810000000002,0.0,0.0,,,0,,,232.46810000000002,31,,"{""g5_T1"": 31}",0,0
fixed_g5_T2,20008,,True,31,31.0,498.36710000000005,0.0,0.0,,,0,,,498.36710000000005,31,,"{""g5_T2"": 31}",0,0
fixed_g5_T3,20008,,True,28,28.0,10129.299299999999,0.0,0.0,,,0,,,10129.299299999999,28,,"{""g5_T3"": 28}",0,0
fixed_g10_T1,20008,,False,50,150.0,1336.7798000000003,0.0,0.0,,,0,,,1336.7798000000003,50,,"{""g10_T1"": 50}",0,0
fixed_g10_T2,20008,,True,42,42.0,1650.2607000000003,0.0,0.0,,,0,,,1650.2607000000003,42,,"{""g10_T2"": 42}",0,0
fixed_g10_T3,20008,,True,40,40.0,21147.841600000003,0.0,0.0,,,0,,,21147.841600000003,40,,"{""g10_T3"": 40}",0,0
fixed_g20_T1,20008,,False,50,150.0,10343.387299999999,0.0,0.0,,,0,,,10343.387299999999,50,,"{""g20_T1"": 50}",0,0
fixed_g20_T2,20008,,False,50,150.0,12649.730800000001,0.0,0.0,,,0,,,12649.730800000001,50,,"{""g20_T2"": 50}",0,0
fixed_g20_T3,20008,,True,40,40.0,11522.158900000002,0.0,0.0,,,0,,,11522.158900000002,40,,"{""g20_T3"": 40}",0,0
adaptive,20009,"[12, 3]",True,22,27.0,371.28889999999996,16.758700000000005,0.187,721.6847,388.2346,6,"{'g2_T1': 1, 'g2_T2': 6, 'g5_T2': 8, 'g10_T1': 2, 'g10_T2': 5}","[""g2_T1"", ""g10_T1"", ""g10_T1"", ""g10_T2"", ""g10_T2"", ""g10_T2"", ""g10_T2"", ""g2_T2"", ""g2_T2"", ""g2_T2"", ""g2_T2"", ""g2_T2"", ""g2_T2"", ""g5_T2"", ""g5_T2"", ""g5_T2"", ""g5_T2"", ""g5_T2"", ""g10_T2"", ""g5_T2"", ""g5_T2"", ""g5_T2""]",388.2346,22,21,"{""g10_T1"": 2, ""g10_T2"": 5, ""g2_T1"": 1, ""g2_T2"": 6, ""g5_T2"": 8}",,
fixed_g2_T1,20009,,False,50,150.0,140.34279999999995,0.0,0.0,,,0,,,140.34279999999995,50,,"{""g2_T1"": 50}",0,0
fixed_g2_T2,20009,,False,50,150.0,306.362,0.0,0.0,,,0,,,306.362,50,,"{""g2_T2"": 50}",0,0
fixed_g2_T3,20009,,False,50,155.0,2382.6959,0.0,0.0,,,0,,,2382.6959,50,,"{""g2_T3"": 50}",1,0
fixed_g5_T1,20009,,True,28,33.0,210.4274,0.0,0.0,,,0,,,210.4274,28,,"{""g5_T1"": 28}",1,0
fixed_g5_T2,20009,,True,25,25.0,362.3260000000001,0.0,0.0,,,0,,,362.3260000000001,25,,"{""g5_T2"": 25}",0,0
fixed_g5_T3,20009,,True,25,25.0,9007.3152,0.0,0.0,,,0,,,9007.3152,25,,"{""g5_T3"": 25}",0,0
fixed_g10_T1,20009,,True,25,25.0,649.4966,0.0,0.0,,,0,,,649.4966,25,,"{""g10_T1"": 25}",0,0
fixed_g10_T2,20009,,True,25,25.0,1001.9470999999998,0.0,0.0,,,0,,,1001.9470999999998,25,,"{""g10_T2"": 25}",0,0
fixed_g10_T3,20009,,True,25,25.0,12929.820600000003,0.0,0.0,,,0,,,12929.820600000003,25,,"{""g10_T3"": 25}",0,0
fixed_g20_T1,20009,,True,38,48.0,7831.2576,0.0,0.0,,,0,,,7831.2576,38,,"{""g20_T1"": 38}",2,0
fixed_g20_T2,20009,,True,26,26.0,6608.683700000001,0.0,0.0,,,0,,,6608.683700000001,26,,"{""g20_T2"": 26}",0,0
fixed_g20_T3,20009,,True,26,26.0,7364.6365000000005,0.0,0.0,,,0,,,7364.6365000000005,26,,"{""g20_T3"": 26}",0,0
adaptive,20010,"[11, 7]",True,15,15.0,532.5345,12.0175,0.0336,659.1333,544.5856,1,"{'g2_T1': 1, 'g10_T2': 14}","[""g2_T1"", ""g10_T2"", ""g10_T2"", ""g10_T2"", ""g10_T2"", ""g10_T2"", ""g10_T2"", ""g10_T2"", ""g10_T2"", ""g10_T2"", ""g10_T2"", ""g10_T2"", ""g10_T2"", ""g10_T2"", ""g10_T2""]",544.5856,15,14,"{""g10_T2"": 14, ""g2_T1"": 1}",,
fixed_g2_T1,20010,,False,50,163.5,138.3866,0.0,0.0,,,0,,,138.3866,50,,"{""g2_T1"": 50}",0,27
fixed_g2_T2,20010,,False,50,150.0,301.43970000000013,0.0,0.0,,,0,,,301.43970000000013,50,,"{""g2_T2"": 50}",0,0
fixed_g2_T3,20010,,False,50,150.0,2380.7500999999997,0.0,0.0,,,0,,,2380.7500999999997,50,,"{""g2_T3"": 50}",0,0
fixed_g5_T1,20010,,True,18,18.0,134.30849999999998,0.0,0.0,,,0,,,134.30849999999998,18,,"{""g5_T1"": 18}",0,0
fixed_g5_T2,20010,,True,18,18.0,260.1163,0.0,0.0,,,0,,,260.1163,18,,"{""g5_T2"": 18}",0,0
fixed_g5_T3,20010,,True,18,18.0,6476.155500000001,0.0,0.0,,,0,,,6476.155500000001,18,,"{""g5_T3"": 18}",0,0
fixed_g10_T1,20010,,True,18,18.0,468.28,0.0,0.0,,,0,,,468.28,18,,"{""g10_T1"": 18}",0,0
fixed_g10_T2,20010,,True,18,18.0,875.9599000000001,0.0,0.0,,,0,,,875.9599000000001,18,,"{""g10_T2"": 18}",0,0
fixed_g10_T3,20010,,True,18,18.0,9258.0219,0.0,0.0,,,0,,,9258.0219,18,,"{""g10_T3"": 18}",0,0
fixed_g20_T1,20010,,True,20,20.0,4045.6730000000002,0.0,0.0,,,0,,,4045.6730000000002,20,,"{""g20_T1"": 20}",0,0
fixed_g20_T2,20010,,True,20,20.0,5076.6817,0.0,0.0,,,0,,,5076.6817,20,,"{""g20_T2"": 20}",0,0
fixed_g20_T3,20010,,True,18,18.0,4925.510400000001,0.0,0.0,,,0,,,4925.510400000001,18,,"{""g20_T3"": 18}",0,0
adaptive,20011,"[17, 5]",True,23,33.0,599.5281000000001,17.604700000000005,0.25980000000000003,801.448,617.3926000000001,8,"{'g2_T1': 1, 'g2_T2': 1, 'g5_T2': 7, 'g10_T1': 1, 'g10_T2': 13}","[""g2_T1"", ""g10_T2"", ""g10_T2"", ""g10_T2"", ""g10_T2"", ""g10_T2"", ""g10_T2"", ""g10_T2"", ""g10_T2"", ""g10_T1"", ""g2_T2"", ""g10_T2"", ""g5_T2"", ""g5_T2"", ""g5_T2"", ""g5_T2"", ""g5_T2"", ""g5_T2"", ""g10_T2"", ""g5_T2"", ""g10_T2"", ""g10_T2"", ""g10_T2""]",617.3926000000001,23,22,"{""g10_T1"": 1, ""g10_T2"": 13, ""g2_T1"": 1, ""g2_T2"": 1, ""g5_T2"": 7}",,
fixed_g2_T1,20011,,False,50,150.0,138.51749999999998,0.0,0.0,,,0,,,138.51749999999998,50,,"{""g2_T1"": 50}",0,0
fixed_g2_T2,20011,,False,50,150.0,301.5241,0.0,0.0,,,0,,,301.5241,50,,"{""g2_T2"": 50}",0,0
fixed_g2_T3,20011,,True,23,23.0,1095.7511,0.0,0.0,,,0,,,1095.7511,23,,"{""g2_T3"": 23}",0,0
fixed_g5_T1,20011,,True,15,20.0,112.12819999999999,0.0,0.0,,,0,,,112.12819999999999,15,,"{""g5_T1"": 15}",1,0
fixed_g5_T2,20011,,True,20,25.0,260.52070000000003,0.0,0.0,,,0,,,260.52070000000003,20,,"{""g5_T2"": 20}",1,0
fixed_g5_T3,20011,,True,40,45.0,14404.126400000001,0.0,0.0,,,0,,,14404.126400000001,40,,"{""g5_T3"": 40}",1,0
fixed_g10_T1,20011,,True,15,20.0,386.2037,0.0,0.0,,,0,,,386.2037,15,,"{""g10_T1"": 15}",1,0
fixed_g10_T2,20011,,True,39,39.0,1550.2445000000002,0.0,0.0,,,0,,,1550.2445000000002,39,,"{""g10_T2"": 39}",0,0
fixed_g10_T3,20011,,True,34,34.0,17378.75,0.0,0.0,,,0,,,17378.75,34,,"{""g10_T3"": 34}",0,0
fixed_g20_T1,20011,,True,22,27.0,4429.3606,0.0,0.0,,,0,,,4429.3606,22,,"{""g20_T1"": 22}",1,0
fixed_g20_T2,20011,,True,24,29.0,6210.0997,0.0,0.0,,,0,,,6210.0997,24,,"{""g20_T2"": 24}",1,0
fixed_g20_T3,20011,,True,33,33.0,9514.214600000001,0.0,0.0,,,0,,,9514.214600000001,33,,"{""g20_T3"": 33}",0,0
adaptive,20012,"[16, 17]",False,50,150.0,1255.1871999999998,35.59329999999999,1.4419,800.0584,1292.2223999999999,42,"{'g2_T1': 1, 'g2_T2': 23, 'g5_T2': 3, 'g10_T2': 23}","[""g2_T1"", ""g5_T2"", ""g5_T2"", ""g5_T2"", ""g2_T2"", ""g10_T2"", ""g2_T2"", ""g2_T2"", ""g2_T2"", ""g10_T2"", ""g10_T2"", ""g10_T2"", ""g10_T2"", ""g2_T2"", ""g10_T2"", ""g2_T2"", ""g10_T2"", ""g2_T2"", ""g10_T2"", ""g2_T2"", ""g10_T2"", ""g2_T2"", ""g10_T2"", ""g2_T2"", ""g10_T2"", ""g2_T2"", ""g10_T2"", ""g2_T2"", ""g10_T2"", ""g2_T2"", ""g10_T2"", ""g2_T2"", ""g10_T2"", ""g2_T2"", ""g10_T2"", ""g2_T2"", ""g10_T2"", ""g2_T2"", ""g10_T2"", ""g2_T2"", ""g10_T2"", ""g2_T2"", ""g10_T2"", ""g2_T2"", ""g10_T2"", ""g2_T2"", ""g10_T2"", ""g2_T2"", ""g10_T2"", ""g2_T2""]",1292.2223999999999,50,49,"{""g10_T2"": 23, ""g2_T1"": 1, ""g2_T2"": 23, ""g5_T2"": 3}",,
fixed_g2_T1,20012,,False,50,150.0,137.2036,0.0,0.0,,,0,,,137.2036,50,,"{""g2_T1"": 50}",0,0
fixed_g2_T2,20012,,False,50,150.0,302.19410000000005,0.0,0.0,,,0,,,302.19410000000005,50,,"{""g2_T2"": 50}",0,0
fixed_g2_T3,20012,,False,50,150.0,2385.9137000000005,0.0,0.0,,,0,,,2385.9137000000005,50,,"{""g2_T3"": 50}",0,0
fixed_g5_T1,20012,,False,50,150.0,380.39240000000007,0.0,0.0,,,0,,,380.39240000000007,50,,"{""g5_T1"": 50}",0,0
fixed_g5_T2,20012,,True,29,34.0,407.53120000000007,0.0,0.0,,,0,,,407.53120000000007,29,,"{""g5_T2"": 29}",1,0
fixed_g5_T3,20012,,True,23,23.0,8275.886700000001,0.0,0.0,,,0,,,8275.886700000001,23,,"{""g5_T3"": 23}",0,0
fixed_g10_T1,20012,,True,22,22.0,601.0998000000001,0.0,0.0,,,0,,,601.0998000000001,22,,"{""g10_T1"": 22}",0,0
fixed_g10_T2,20012,,True,22,22.0,875.6037,0.0,0.0,,,0,,,875.6037,22,,"{""g10_T2"": 22}",0,0
fixed_g10_T3,20012,,True,22,22.0,11586.486199999996,0.0,0.0,,,0,,,11586.486199999996,22,,"{""g10_T3"": 22}",0,0
fixed_g20_T1,20012,,True,22,22.0,4645.114600000001,0.0,0.0,,,0,,,4645.114600000001,22,,"{""g20_T1"": 22}",0,0
fixed_g20_T2,20012,,True,22,22.0,5590.874,0.0,0.0,,,0,,,5590.874,22,,"{""g20_T2"": 22}",0,0
fixed_g20_T3,20012,,True,22,22.0,5990.669900000001,0.0,0.0,,,0,,,5990.669900000001,22,,"{""g20_T3"": 22}",0,0
adaptive,20013,"[19, 16]",True,35,35.0,865.8355,26.113000000000003,0.3871,731.0105,892.3356000000001,13,"{'g2_T1': 1, 'g2_T2': 3, 'g5_T1': 3, 'g5_T2': 7, 'g10_T1': 12, 'g10_T2': 9}","[""g2_T1"", ""g10_T1"", ""g10_T1"", ""g10_T2"", ""g10_T2"", ""g10_T2"", ""g10_T2"", ""g2_T2"", ""g10_T2"", ""g2_T2"", ""g10_T2"", ""g2_T2"", ""g10_T1"", ""g10_T1"", ""g10_T1"", ""g10_T1"", ""g10_T1"", ""g10_T1"", ""g10_T1"", ""g10_T1"", ""g10_T1"", ""g10_T1"", ""g10_T2"", ""g5_T2"", ""g5_T2"", ""g5_T2"", ""g5_T2"", ""g5_T2"", ""g10_T2"", ""g10_T2"", ""g5_T2"", ""g5_T2"", ""g5_T1"", ""g5_T1"", ""g5_T1""]",892.3356000000001,35,34,"{""g10_T1"": 12, ""g10_T2"": 9, ""g2_T1"": 1, ""g2_T2"": 3, ""g5_T1"": 3, ""g5_T2"": 7}",,
fixed_g2_T1,20013,,False,50,150.0,135.81630000000004,0.0,0.0,,,0,,,135.81630000000004,50,,"{""g2_T1"": 50}",0,0
fixed_g2_T2,20013,,False,50,150.0,303.59380000000004,0.0,0.0,,,0,,,303.59380000000004,50,,"{""g2_T2"": 50}",0,0
fixed_g2_T3,20013,,False,50,150.0,2389.210000000001,0.0,0.0,,,0,,,2389.210000000001,50,,"{""g2_T3"": 50}",0,0
fixed_g5_T1,20013,,False,50,150.0,376.1199000000001,0.0,0.0,,,0,,,376.1199000000001,50,,"{""g5_T1"": 50}",0,0
fixed_g5_T2,20013,,True,29,29.0,405.3197999999999,0.0,0.0,,,0,,,405.3197999999999,29,,"{""g5_T2"": 29}",0,0
fixed_g5_T3,20013,,True,29,29.0,10505.583999999999,0.0,0.0,,,0,,,10505.583999999999,29,,"{""g5_T3"": 29}",0,0
fixed_g10_T1,20013,,True,27,27.0,699.4582,0.0,0.0,,,0,,,699.4582,27,,"{""g10_T1"": 27}",0,0
fixed_g10_T2,20013,,True,41,41.0,1627.8356999999994,0.0,0.0,,,0,,,1627.8356999999994,41,,"{""g10_T2"": 41}",0,0
fixed_g10_T3,20013,,True,41,41.0,21558.906500000005,0.0,0.0,,,0,,,21558.906500000005,41,,"{""g10_T3"": 41}",0,0
fixed_g20_T1,20013,,True,43,43.0,8681.337500000001,0.0,0.0,,,0,,,8681.337500000001,43,,"{""g20_T1"": 43}",0,0
fixed_g20_T2,20013,,True,43,43.0,10825.077899999998,0.0,0.0,,,0,,,10825.077899999998,43,,"{""g20_T2"": 43}",0,0
fixed_g20_T3,20013,,True,41,41.0,11755.565799999998,0.0,0.0,,,0,,,11755.565799999998,41,,"{""g20_T3"": 41}",0,0
adaptive,20014,"[17, 5]",False,50,150.0,1484.3339999999998,38.6651,0.1275,665.5301,1523.1265999999998,7,"{'g2_T1': 1, 'g5_T1': 1, 'g10_T1': 25, 'g10_T2': 23}","[""g2_T1"", ""g10_T1"", ""g10_T1"", ""g10_T1"", ""g10_T1"", ""g10_T1"", ""g10_T1"", ""g10_T2"", ""g10_T2"", ""g10_T2"", ""g10_T2"", ""g10_T2"", ""g10_T2"", ""g10_T2"", ""g10_T2"", ""g10_T2"", ""g10_T2"", ""g10_T2"", ""g10_T2"", ""g10_T2"", ""g10_T2"", ""g10_T1"", ""g10_T1"", ""g10_T1"", ""g10_T1"", ""g10_T1"", ""g10_T1"", ""g10_T1"", ""g10_T1"", ""g10_T1"", ""g10_T1"", ""g10_T2"", ""g10_T2"", ""g10_T2"", ""g10_T1"", ""g10_T1"", ""g10_T1"", ""g10_T1"", ""g10_T1"", ""g10_T1"", ""g10_T1"", ""g10_T1"", ""g10_T1"", ""g10_T2"", ""g10_T2"", ""g10_T2"", ""g10_T2"", ""g10_T2"", ""g10_T2"", ""g5_T1""]",1523.1265999999998,50,49,"{""g10_T1"": 25, ""g10_T2"": 23, ""g2_T1"": 1, ""g5_T1"": 1}",,
fixed_g2_T1,20014,,False,50,163.0,137.018,0.0,0.0,,,0,,,137.018,50,,"{""g2_T1"": 50}",1,16
fixed_g2_T2,20014,,False,50,150.0,300.5654,0.0,0.0,,,0,,,300.5654,50,,"{""g2_T2"": 50}",0,0
fixed_g2_T3,20014,,False,50,150.0,2390.5643999999998,0.0,0.0,,,0,,,2390.5643999999998,50,,"{""g2_T3"": 50}",0,0
fixed_g5_T1,20014,,True,37,42.0,279.2461,0.0,0.0,,,0,,,279.2461,37,,"{""g5_T1"": 37}",1,0
fixed_g5_T2,20014,,True,30,40.0,441.2168,0.0,0.0,,,0,,,441.2168,30,,"{""g5_T2"": 30}",2,0
fixed_g5_T3,20014,,True,30,40.0,10806.230099999997,0.0,0.0,,,0,,,10806.230099999997,30,,"{""g5_T3"": 30}",2,0
fixed_g10_T1,20014,,True,44,44.0,1140.215,0.0,0.0,,,0,,,1140.215,44,,"{""g10_T1"": 44}",0,0
fixed_g10_T2,20014,,True,43,43.0,1739.4702999999997,0.0,0.0,,,0,,,1739.4702999999997,43,,"{""g10_T2"": 43}",0,0
fixed_g10_T3,20014,,True,43,43.0,22278.0543,0.0,0.0,,,0,,,22278.0543,43,,"{""g10_T3"": 43}",0,0
fixed_g20_T1,20014,,True,34,34.0,7158.020000000002,0.0,0.0,,,0,,,7158.020000000002,34,,"{""g20_T1"": 34}",0,0
fixed_g20_T2,20014,,False,50,150.0,12726.089899999999,0.0,0.0,,,0,,,12726.089899999999,50,,"{""g20_T2"": 50}",0,0
fixed_g20_T3,20014,,True,35,35.0,9958.137799999999,0.0,0.0,,,0,,,9958.137799999999,35,,"{""g20_T3"": 35}",0,0
adaptive,20015,"[18, 10]",True,31,31.0,417.15799999999996,23.976700000000005,0.1936,732.0986,441.32829999999996,6,"{'g2_T1': 1, 'g2_T2': 2, 'g5_T2': 25, 'g10_T2': 3}","[""g2_T1"", ""g10_T2"", ""g10_T2"", ""g10_T2"", ""g5_T2"", ""g5_T2"", ""g5_T2"", ""g2_T2"", ""g5_T2"", ""g2_T2"", ""g5_T2"", ""g5_T2"", ""g5_T2"", ""g5_T2"", ""g5_T2"", ""g5_T2"", ""g5_T2"", ""g5_T2"", ""g5_T2"", ""g5_T2"", ""g5_T2"", ""g5_T2"", ""g5_T2"", ""g5_T2"", ""g5_T2"", ""g5_T2"", ""g5_T2"", ""g5_T2"", ""g5_T2"", ""g5_T2"", ""g5_T2""]",441.32829999999996,31,30,"{""g10_T2"": 3, ""g2_T1"": 1, ""g2_T2"": 2, ""g5_T2"": 25}",,
fixed_g2_T1,20015,,False,50,150.0,137.73059999999998,0.0,0.0,,,0,,,137.73059999999998,50,,"{""g2_T1"": 50}",0,0
fixed_g2_T2,20015,,False,50,150.0,301.6923999999999,0.0,0.0,,,0,,,301.6923999999999,50,,"{""g2_T2"": 50}",0,0
fixed_g2_T3,20015,,False,50,150.0,2383.087499999999,0.0,0.0,,,0,,,2383.087499999999,50,,"{""g2_T3"": 50}",0,0
fixed_g5_T1,20015,,True,21,21.0,159.5474,0.0,0.0,,,0,,,159.5474,21,,"{""g5_T1"": 21}",0,0
fixed_g5_T2,20015,,True,21,21.0,294.94110000000006,0.0,0.0,,,0,,,294.94110000000006,21,,"{""g5_T2"": 21}",0,0
fixed_g5_T3,20015,,True,21,21.0,7578.4953,0.0,0.0,,,0,,,7578.4953,21,,"{""g5_T3"": 21}",0,0
fixed_g10_T1,20015,,False,50,150.0,1316.4683000000005,0.0,0.0,,,0,,,1316.4683000000005,50,,"{""g10_T1"": 50}",0,0
fixed_g10_T2,20015,,True,33,33.0,1324.8651000000002,0.0,0.0,,,0,,,1324.8651000000002,33,,"{""g10_T2"": 33}",0,0
fixed_g10_T3,20015,,False,50,150.0,25805.735299999997,0.0,0.0,,,0,,,25805.735299999997,50,,"{""g10_T3"": 50}",0,0
fixed_g20_T1,20015,,False,50,150.0,10187.6347,0.0,0.0,,,0,,,10187.6347,50,,"{""g20_T1"": 50}",0,0
fixed_g20_T2,20015,,True,33,33.0,8289.220000000001,0.0,0.0,,,0,,,8289.220000000001,33,,"{""g20_T2"": 33}",0,0
fixed_g20_T3,20015,,False,50,150.0,14322.8023,0.0,0.0,,,0,,,14322.8023,50,,"{""g20_T3"": 50}",0,0
adaptive,20016,"[10, 16]",True,15,15.0,317.89649999999995,10.2617,0.2724,731.8841,328.43059999999997,9,"{'g2_T1': 2, 'g2_T2': 3, 'g5_T2': 4, 'g10_T1': 3, 'g10_T2': 3}","[""g2_T1"", ""g5_T2"", ""g5_T2"", ""g5_T2"", ""g5_T2"", ""g2_T2"", ""g2_T2"", ""g10_T2"", ""g2_T2"", ""g10_T2"", ""g2_T1"", ""g10_T1"", ""g10_T2"", ""g10_T1"", ""g10_T1""]",328.43059999999997,15,14,"{""g10_T1"": 3, ""g10_T2"": 3, ""g2_T1"": 2, ""g2_T2"": 3, ""g5_T2"": 4}",,
fixed_g2_T1,20016,,False,50,150.0,145.37630000000001,0.0,0.0,,,0,,,145.37630000000001,50,,"{""g2_T1"": 50}",0,0
fixed_g2_T2,20016,,False,50,150.0,302.84049999999996,0.0,0.0,,,0,,,302.84049999999996,50,,"{""g2_T2"": 50}",0,0
fixed_g2_T3,20016,,False,50,150.0,2389.2536999999998,0.0,0.0,,,0,,,2389.2536999999998,50,,"{""g2_T3"": 50}",0,0
fixed_g5_T1,20016,,True,13,13.0,97.15429999999999,0.0,0.0,,,0,,,97.15429999999999,13,,"{""g5_T1"": 13}",0,0
fixed_g5_T2,20016,,True,13,13.0,205.76300000000003,0.0,0.0,,,0,,,205.76300000000003,13,,"{""g5_T2"": 13}",0,0
fixed_g5_T3,20016,,True,13,13.0,4689.397,0.0,0.0,,,0,,,4689.397,13,,"{""g5_T3"": 13}",0,0
fixed_g10_T1,20016,,True,23,23.0,587.0495,0.0,0.0,,,0,,,587.0495,23,,"{""g10_T1"": 23}",0,0
fixed_g10_T2,20016,,True,19,19.0,754.8035,0.0,0.0,,,0,,,754.8035,19,,"{""g10_T2"": 19}",0,0
fixed_g10_T3,20016,,True,19,19.0,9802.198499999999,0.0,0.0,,,0,,,9802.198499999999,19,,"{""g10_T3"": 19}",0,0
fixed_g20_T1,20016,,True,23,23.0,4779.829000000001,0.0,0.0,,,0,,,4779.829000000001,23,,"{""g20_T1"": 23}",0,0
fixed_g20_T2,20016,,True,19,19.0,4751.766700000001,0.0,0.0,,,0,,,4751.766700000001,19,,"{""g20_T2"": 19}",0,0
fixed_g20_T3,20016,,True,19,19.0,5542.060299999999,0.0,0.0,,,0,,,5542.060299999999,19,,"{""g20_T3"": 19}",0,0
adaptive,20017,"[18, 18]",True,21,26.0,653.3044,15.8933,0.1384,666.8087,669.3361,6,"{'g2_T1': 1, 'g5_T2': 1, 'g10_T1': 7, 'g10_T2': 12}","[""g2_T1"", ""g10_T1"", ""g5_T2"", ""g10_T2"", ""g10_T2"", ""g10_T2"", ""g10_T2"", ""g10_T2"", ""g10_T2"", ""g10_T2"", ""g10_T2"", ""g10_T2"", ""g10_T2"", ""g10_T1"", ""g10_T1"", ""g10_T1"", ""g10_T2"", ""g10_T2"", ""g10_T1"", ""g10_T1"", ""g10_T1""]",669.3361,21,20,"{""g10_T1"": 7, ""g10_T2"": 12, ""g2_T1"": 1, ""g5_T2"": 1}",,
fixed_g2_T1,20017,,False,50,169.5,135.27809999999997,0.0,0.0,,,0,,,135.27809999999997,50,,"{""g2_T1"": 50}",1,29
fixed_g2_T2,20017,,False,50,169.5,301.3033,0.0,0.0,,,0,,,301.3033,50,,"{""g2_T2"": 50}",1,29
fixed_g2_T3,20017,,False,50,155.0,2389.9835000000003,0.0,0.0,,,0,,,2389.9835000000003,50,,"{""g2_T3"": 50}",1,0
fixed_g5_T1,20017,,True,39,39.0,291.4595,0.0,0.0,,,0,,,291.4595,39,,"{""g5_T1"": 39}",0,0
fixed_g5_T2,20017,,False,50,155.0,743.1080000000003,0.0,0.0,,,0,,,743.1080000000003,50,,"{""g5_T2"": 50}",1,0
fixed_g5_T3,20017,,True,31,31.0,11177.6061,0.0,0.0,,,0,,,11177.6061,31,,"{""g5_T3"": 31}",0,0
fixed_g10_T1,20017,,False,50,150.0,1297.4461000000001,0.0,0.0,,,0,,,1297.4461000000001,50,,"{""g10_T1"": 50}",0,0
fixed_g10_T2,20017,,False,50,150.0,2189.3672,0.0,0.0,,,0,,,2189.3672,50,,"{""g10_T2"": 50}",0,0
fixed_g10_T3,20017,,False,50,150.0,26010.7992,0.0,0.0,,,0,,,26010.7992,50,,"{""g10_T3"": 50}",0,0
fixed_g20_T1,20017,,False,50,150.0,10258.250199999999,0.0,0.0,,,0,,,10258.250199999999,50,,"{""g20_T1"": 50}",0,0
fixed_g20_T2,20017,,False,50,150.0,12785.797399999998,0.0,0.0,,,0,,,12785.797399999998,50,,"{""g20_T2"": 50}",0,0
fixed_g20_T3,20017,,True,15,15.0,4280.153899999999,0.0,0.0,,,0,,,4280.153899999999,15,,"{""g20_T3"": 15}",0,0
adaptive,20018,"[13, 6]",False,50,150.0,1248.8676,35.74869999999999,0.06559999999999999,664.3281,1284.6819,2,"{'g2_T1': 1, 'g5_T2': 5, 'g10_T1': 44}","[""g2_T1"", ""g10_T1"", ""g10_T1"", ""g10_T1"", ""g10_T1"", ""g10_T1"", ""g10_T1"", ""g10_T1"", ""g10_T1"", ""g10_T1"", ""g10_T1"", ""g10_T1"", ""g10_T1"", ""g10_T1"", ""g10_T1"", ""g10_T1"", ""g10_T1"", ""g10_T1"", ""g10_T1"", ""g10_T1"", ""g10_T1"", ""g10_T1"", ""g10_T1"", ""g10_T1"", ""g10_T1"", ""g10_T1"", ""g10_T1"", ""g10_T1"", ""g10_T1"", ""g10_T1"", ""g10_T1"", ""g10_T1"", ""g10_T1"", ""g10_T1"", ""g10_T1"", ""g10_T1"", ""g10_T1"", ""g10_T1"", ""g10_T1"", ""g10_T1"", ""g10_T1"", ""g10_T1"", ""g10_T1"", ""g10_T1"", ""g10_T1"", ""g5_T2"", ""g5_T2"", ""g5_T2"", ""g5_T2"", ""g5_T2""]",1284.6819,50,49,"{""g10_T1"": 44, ""g2_T1"": 1, ""g5_T2"": 5}",,
fixed_g2_T1,20018,,False,50,164.0,136.40439999999998,0.0,0.0,,,0,,,136.40439999999998,50,,"{""g2_T1"": 50}",0,28
fixed_g2_T2,20018,,False,50,156.0,302.2589,0.0,0.0,,,0,,,302.2589,50,,"{""g2_T2"": 50}",0,12
fixed_g2_T3,20018,,False,50,150.0,2382.4618000000005,0.0,0.0,,,0,,,2382.4618000000005,50,,"{""g2_T3"": 50}",0,0
fixed_g5_T1,20018,,True,35,35.0,261.7578,0.0,0.0,,,0,,,261.7578,35,,"{""g5_T1"": 35}",0,0
fixed_g5_T2,20018,,True,35,35.0,488.5064,0.0,0.0,,,0,,,488.5064,35,,"{""g5_T2"": 35}",0,0
fixed_g5_T3,20018,,True,31,31.0,11199.7073,0.0,0.0,,,0,,,11199.7073,31,,"{""g5_T3"": 31}",0,0
fixed_g10_T1,20018,,False,50,150.0,1333.8342000000002,0.0,0.0,,,0,,,1333.8342000000002,50,,"{""g10_T1"": 50}",0,0
fixed_g10_T2,20018,,False,50,150.0,1976.1469000000004,0.0,0.0,,,0,,,1976.1469000000004,50,,"{""g10_T2"": 50}",0,0
fixed_g10_T3,20018,,True,31,31.0,15954.627000000002,0.0,0.0,,,0,,,15954.627000000002,31,,"{""g10_T3"": 31}",0,0
fixed_g20_T1,20018,,True,50,50.0,10369.161600000001,0.0,0.0,,,0,,,10369.161600000001,50,,"{""g20_T1"": 50}",0,0
fixed_g20_T2,20018,,True,50,50.0,12599.457300000004,0.0,0.0,,,0,,,12599.457300000004,50,,"{""g20_T2"": 50}",0,0
fixed_g20_T3,20018,,True,30,30.0,8488.1894,0.0,0.0,,,0,,,8488.1894,30,,"{""g20_T3"": 30}",0,0
adaptive,20019,"[10, 17]",True,22,22.0,301.42409999999995,15.7459,0.20620000000000002,807.0859,317.3762,7,"{'g2_T1': 1, 'g2_T2': 4, 'g5_T2': 15, 'g10_T1': 1, 'g10_T2': 1}","[""g2_T1"", ""g5_T2"", ""g5_T2"", ""g5_T2"", ""g2_T2"", ""g5_T2"", ""g2_T2"", ""g2_T2"", ""g2_T2"", ""g5_T2"", ""g5_T2"", ""g5_T2"", ""g5_T2"", ""g5_T2"", ""g5_T2"", ""g5_T2"", ""g5_T2"", ""g5_T2"", ""g5_T2"", ""g5_T2"", ""g10_T2"", ""g10_T1""]",317.3762,22,21,"{""g10_T1"": 1, ""g10_T2"": 1, ""g2_T1"": 1, ""g2_T2"": 4, ""g5_T2"": 15}",,
fixed_g2_T1,20019,,False,50,150.0,140.03529999999998,0.0,0.0,,,0,,,140.03529999999998,50,,"{""g2_T1"": 50}",0,0
fixed_g2_T2,20019,,False,50,150.0,303.55629999999996,0.0,0.0,,,0,,,303.55629999999996,50,,"{""g2_T2"": 50}",0,0
fixed_g2_T3,20019,,False,50,150.0,2385.3973999999994,0.0,0.0,,,0,,,2385.3973999999994,50,,"{""g2_T3"": 50}",0,0
fixed_g5_T1,20019,,True,21,21.0,158.0054,0.0,0.0,,,0,,,158.0054,21,,"{""g5_T1"": 21}",0,0
fixed_g5_T2,20019,,True,21,21.0,288.1254,0.0,0.0,,,0,,,288.1254,21,,"{""g5_T2"": 21}",0,0
fixed_g5_T3,20019,,True,21,21.0,7598.1379,0.0,0.0,,,0,,,7598.1379,21,,"{""g5_T3"": 21}",0,0
fixed_g10_T1,20019,,True,24,24.0,624.5239,0.0,0.0,,,0,,,624.5239,24,,"{""g10_T1"": 24}",0,0
fixed_g10_T2,20019,,True,22,22.0,937.9374999999999,0.0,0.0,,,0,,,937.9374999999999,22,,"{""g10_T2"": 22}",0,0
fixed_g10_T3,20019,,True,22,22.0,11374.676000000001,0.0,0.0,,,0,,,11374.676000000001,22,,"{""g10_T3"": 22}",0,0
fixed_g20_T1,20019,,True,24,24.0,5033.249599999999,0.0,0.0,,,0,,,5033.249599999999,24,,"{""g20_T1"": 24}",0,0
fixed_g20_T2,20019,,True,24,24.0,6067.4645,0.0,0.0,,,0,,,6067.4645,24,,"{""g20_T2"": 24}",0,0
fixed_g20_T3,20019,,True,22,22.0,6270.7303,0.0,0.0,,,0,,,6270.7303,22,,"{""g20_T3"": 22}",0,0
adaptive,20020,"[18, 4]",False,50,155.0,755.2565999999999,34.2956,0.8718,798.6764,790.424,26,"{'g2_T1': 3, 'g2_T2': 14, 'g5_T2': 22, 'g10_T1': 10, 'g10_T2': 1}","[""g2_T1"", ""g2_T1"", ""g2_T1"", ""g5_T2"", ""g5_T2"", ""g5_T2"", ""g5_T2"", ""g2_T2"", ""g2_T2"", ""g5_T2"", ""g5_T2"", ""g2_T2"", ""g10_T1"", ""g2_T2"", ""g2_T2"", ""g5_T2"", ""g5_T2"", ""g2_T2"", ""g10_T1"", ""g2_T2"", ""g2_T2"", ""g5_T2"", ""g5_T2"", ""g2_T2"", ""g10_T1"", ""g2_T2"", ""g10_T1"", ""g2_T2"", ""g10_T1"", ""g2_T2"", ""g10_T1"", ""g2_T2"", ""g10_T1"", ""g2_T2"", ""g10_T1"", ""g10_T2"", ""g5_T2"", ""g5_T2"", ""g5_T2"", ""g5_T2"", ""g5_T2"", ""g5_T2"", ""g5_T2"", ""g5_T2"", ""g5_T2"", ""g5_T2"", ""g5_T2"", ""g5_T2"", ""g10_T1"", ""g10_T1""]",790.424,50,49,"{""g10_T1"": 10, ""g10_T2"": 1, ""g2_T1"": 3, ""g2_T2"": 14, ""g5_T2"": 22}",,
fixed_g2_T1,20020,,False,50,150.0,137.17509999999996,0.0,0.0,,,0,,,137.17509999999996,50,,"{""g2_T1"": 50}",0,0
fixed_g2_T2,20020,,False,50,150.0,300.71320000000003,0.0,0.0,,,0,,,300.71320000000003,50,,"{""g2_T2"": 50}",0,0
fixed_g2_T3,20020,,False,50,150.0,2387.8815000000004,0.0,0.0,,,0,,,2387.8815000000004,50,,"{""g2_T3"": 50}",0,0
fixed_g5_T1,20020,,False,50,150.0,374.9007,0.0,0.0,,,0,,,374.9007,50,,"{""g5_T1"": 50}",0,0
fixed_g5_T2,20020,,False,50,155.0,784.4055,0.0,0.0,,,0,,,784.4055,50,,"{""g5_T2"": 50}",1,0
fixed_g5_T3,20020,,True,47,52.0,16929.569699999996,0.0,0.0,,,0,,,16929.569699999996,47,,"{""g5_T3"": 47}",1,0
fixed_g10_T1,20020,,True,44,54.0,1167.3431,0.0,0.0,,,0,,,1167.3431,44,,"{""g10_T1"": 44}",2,0
fixed_g10_T2,20020,,True,40,45.0,1675.3257999999998,0.0,0.0,,,0,,,1675.3257999999998,40,,"{""g10_T2"": 40}",1,0
fixed_g10_T3,20020,,True,40,45.0,20934.3745,0.0,0.0,,,0,,,20934.3745,40,,"{""g10_T3"": 40}",1,0
fixed_g20_T1,20020,,False,50,150.0,10466.6244,0.0,0.0,,,0,,,10466.6244,50,,"{""g20_T1"": 50}",0,0
fixed_g20_T2,20020,,False,50,155.0,12592.302199999998,0.0,0.0,,,0,,,12592.302199999998,50,,"{""g20_T2"": 50}",1,0
fixed_g20_T3,20020,,True,28,28.0,7975.881700000001,0.0,0.0,,,0,,,7975.881700000001,28,,"{""g20_T3"": 28}",0,0
adaptive,20021,"[14, 13]",True,32,32.0,536.7003999999998,23.802200000000003,0.26339999999999997,669.9978,560.7659999999998,8,"{'g2_T1': 1, 'g2_T2': 3, 'g5_T2': 15, 'g10_T1': 13}","[""g2_T1"", ""g10_T1"", ""g10_T1"", ""g10_T1"", ""g10_T1"", ""g10_T1"", ""g10_T1"", ""g10_T1"", ""g2_T2"", ""g10_T1"", ""g2_T2"", ""g10_T1"", ""g2_T2"", ""g5_T2"", ""g5_T2"", ""g5_T2"", ""g5_T2"", ""g5_T2"", ""g5_T2"", ""g5_T2"", ""g5_T2"", ""g5_T2"", ""g5_T2"", ""g5_T2"", ""g5_T2"", ""g5_T2"", ""g5_T2"", ""g5_T2"", ""g10_T1"", ""g10_T1"", ""g10_T1"", ""g10_T1""]",560.7659999999998,32,31,"{""g10_T1"": 13, ""g2_T1"": 1, ""g2_T2"": 3, ""g5_T2"": 15}",,
fixed_g2_T1,20021,,False,50,168.5,135.35299999999998,0.0,0.0,,,0,,,135.35299999999998,50,,"{""g2_T1"": 50}",0,37
fixed_g2_T2,20021,,False,50,150.0,302.9141,0.0,0.0,,,0,,,302.9141,50,,"{""g2_T2"": 50}",0,0
fixed_g2_T3,20021,,False,50,150.0,2391.1024999999995,0.0,0.0,,,0,,,2391.1024999999995,50,,"{""g2_T3"": 50}",0,0
fixed_g5_T1,20021,,False,50,150.0,373.30270000000013,0.0,0.0,,,0,,,373.30270000000013,50,,"{""g5_T1"": 50}",0,0
fixed_g5_T2,20021,,True,31,31.0,436.8746,0.0,0.0,,,0,,,436.8746,31,,"{""g5_T2"": 31}",0,0
fixed_g5_T3,20021,,True,31,31.0,11201.267000000002,0.0,0.0,,,0,,,11201.267000000002,31,,"{""g5_T3"": 31}",0,0
fixed_g10_T1,20021,,True,31,31.0,802.1322,0.0,0.0,,,0,,,802.1322,31,,"{""g10_T1"": 31}",0,0
fixed_g10_T2,20021,,True,31,31.0,1163.4856000000002,0.0,0.0,,,0,,,1163.4856000000002,31,,"{""g10_T2"": 31}",0,0
fixed_g10_T3,20021,,True,31,31.0,16187.868199999999,0.0,0.0,,,0,,,16187.868199999999,31,,"{""g10_T3"": 31}",0,0
fixed_g20_T1,20021,,False,50,150.0,10254.325700000001,0.0,0.0,,,0,,,10254.325700000001,50,,"{""g20_T1"": 50}",0,0
fixed_g20_T2,20021,,True,31,31.0,7933.373,0.0,0.0,,,0,,,7933.373,31,,"{""g20_T2"": 31}",0,0
fixed_g20_T3,20021,,True,31,31.0,8587.479900000002,0.0,0.0,,,0,,,8587.479900000002,31,,"{""g20_T3"": 31}",0,0
adaptive,20022,"[16, 11]",True,26,31.0,360.8436999999999,18.2035,0.2656,728.5851,379.3127999999999,8,"{'g2_T1': 1, 'g2_T2': 2, 'g5_T2': 20, 'g10_T2': 3}","[""g2_T1"", ""g5_T2"", ""g2_T2"", ""g5_T2"", ""g2_T2"", ""g5_T2"", ""g5_T2"", ""g5_T2"", ""g5_T2"", ""g5_T2"", ""g5_T2"", ""g5_T2"", ""g5_T2"", ""g5_T2"", ""g5_T2"", ""g5_T2"", ""g5_T2"", ""g5_T2"", ""g5_T2"", ""g5_T2"", ""g10_T2"", ""g10_T2"", ""g5_T2"", ""g5_T2"", ""g5_T2"", ""g10_T2""]",379.3127999999999,26,25,"{""g10_T2"": 3, ""g2_T1"": 1, ""g2_T2"": 2, ""g5_T2"": 20}",,
fixed_g2_T1,20022,,False,50,150.0,136.70650000000003,0.0,0.0,,,0,,,136.70650000000003,50,,"{""g2_T1"": 50}",0,0
fixed_g2_T2,20022,,False,50,150.0,303.51290000000006,0.0,0.0,,,0,,,303.51290000000006,50,,"{""g2_T2"": 50}",0,0
fixed_g2_T3,20022,,False,50,150.0,2377.9043999999994,0.0,0.0,,,0,,,2377.9043999999994,50,,"{""g2_T3"": 50}",0,0
fixed_g5_T1,20022,,True,28,33.0,208.71720000000002,0.0,0.0,,,0,,,208.71720000000002,28,,"{""g5_T1"": 28}",1,0
fixed_g5_T2,20022,,True,18,18.0,270.9845,0.0,0.0,,,0,,,270.9845,18,,"{""g5_T2"": 18}",0,0
fixed_g5_T3,20022,,True,18,18.0,6490.936200000001,0.0,0.0,,,0,,,6490.936200000001,18,,"{""g5_T3"": 18}",0,0
fixed_g10_T1,20022,,True,19,19.0,490.9747000000001,0.0,0.0,,,0,,,490.9747000000001,19,,"{""g10_T1"": 19}",0,0
fixed_g10_T2,20022,,True,18,18.0,801.7899000000001,0.0,0.0,,,0,,,801.7899000000001,18,,"{""g10_T2"": 18}",0,0
fixed_g10_T3,20022,,True,18,18.0,9301.8148,0.0,0.0,,,0,,,9301.8148,18,,"{""g10_T3"": 18}",0,0
fixed_g20_T1,20022,,True,19,19.0,3909.4332999999997,0.0,0.0,,,0,,,3909.4332999999997,19,,"{""g20_T1"": 19}",0,0
fixed_g20_T2,20022,,True,18,18.0,4396.564899999999,0.0,0.0,,,0,,,4396.564899999999,18,,"{""g20_T2"": 18}",0,0
fixed_g20_T3,20022,,True,18,18.0,5005.246300000001,0.0,0.0,,,0,,,5005.246300000001,18,,"{""g20_T3"": 18}",0,0
adaptive,20023,"[10, 12]",True,7,12.0,144.6568,4.284,0.1346,664.5696,149.0754,4,"{'g2_T1': 1, 'g5_T2': 4, 'g10_T2': 2}","[""g2_T1"", ""g10_T2"", ""g5_T2"", ""g5_T2"", ""g10_T2"", ""g5_T2"", ""g5_T2""]",149.0754,7,6,"{""g10_T2"": 2, ""g2_T1"": 1, ""g5_T2"": 4}",,
fixed_g2_T1,20023,,False,50,160.5,136.87009999999998,0.0,0.0,,,0,,,136.87009999999998,50,,"{""g2_T1"": 50}",0,21
fixed_g2_T2,20023,,False,50,160.5,317.40539999999993,0.0,0.0,,,0,,,317.40539999999993,50,,"{""g2_T2"": 50}",0,21
fixed_g2_T3,20023,,False,50,160.5,2391.5111000000006,0.0,0.0,,,0,,,2391.5111000000006,50,,"{""g2_T3"": 50}",0,21
fixed_g5_T1,20023,,True,3,3.0,22.2852,0.0,0.0,,,0,,,22.2852,3,,"{""g5_T1"": 3}",0,0
fixed_g5_T2,20023,,True,3,3.0,70.7511,0.0,0.0,,,0,,,70.7511,3,,"{""g5_T2"": 3}",0,0
fixed_g5_T3,20023,,True,4,4.0,1444.9846000000002,0.0,0.0,,,0,,,1444.9846000000002,4,,"{""g5_T3"": 4}",0,0
fixed_g10_T1,20023,,True,3,3.0,76.92699999999999,0.0,0.0,,,0,,,76.92699999999999,3,,"{""g10_T1"": 3}",0,0
fixed_g10_T2,20023,,True,3,3.0,144.4136,0.0,0.0,,,0,,,144.4136,3,,"{""g10_T2"": 3}",0,0
fixed_g10_T3,20023,,True,3,3.0,1590.2377000000001,0.0,0.0,,,0,,,1590.2377000000001,3,,"{""g10_T3"": 3}",0,0
fixed_g20_T1,20023,,True,3,3.0,621.9435000000001,0.0,0.0,,,0,,,621.9435000000001,3,,"{""g20_T1"": 3}",0,0
fixed_g20_T2,20023,,True,3,3.0,755.412,0.0,0.0,,,0,,,755.412,3,,"{""g20_T2"": 3}",0,0
fixed_g20_T3,20023,,True,3,3.0,826.6003,0.0,0.0,,,0,,,826.6003,3,,"{""g20_T3"": 3}",0,0
adaptive,20024,"[14, 19]",False,50,150.0,933.4481000000002,33.9525,0.3945,800.4901,967.7951000000002,12,"{'g2_T1': 2, 'g2_T2': 6, 'g5_T1': 11, 'g5_T2': 17, 'g10_T1': 5, 'g10_T2': 9}","[""g2_T1"", ""g2_T1"", ""g2_T2"", ""g2_T2"", ""g10_T2"", ""g2_T2"", ""g2_T2"", ""g2_T2"", ""g10_T2"", ""g10_T2"", ""g10_T2"", ""g10_T2"", ""g10_T2"", ""g2_T2"", ""g10_T1"", ""g10_T1"", ""g5_T2"", ""g5_T2"", ""g5_T2"", ""g5_T2"", ""g5_T2"", ""g5_T2"", ""g5_T2"", ""g5_T2"", ""g5_T2"", ""g5_T2"", ""g5_T2"", ""g5_T2"", ""g5_T2"", ""g5_T2"", ""g5_T2"", ""g5_T2"", ""g5_T2"", ""g10_T1"", ""g5_T1"", ""g10_T1"", ""g10_T1"", ""g5_T1"", ""g5_T1"", ""g5_T1"", ""g5_T1"", ""g5_T1"", ""g5_T1"", ""g5_T1"", ""g5_T1"", ""g5_T1"", ""g5_T1"", ""g10_T2"", ""g10_T2"", ""g10_T2""]",967.7951000000002,50,49,"{""g10_T1"": 5, ""g10_T2"": 9, ""g2_T1"": 2, ""g2_T2"": 6, ""g5_T1"": 11, ""g5_T2"": 17}",,
fixed_g2_T1,20024,,False,50,150.0,136.4356,0.0,0.0,,,0,,,136.4356,50,,"{""g2_T1"": 50}",0,0
fixed_g2_T2,20024,,False,50,155.0,300.7694,0.0,0.0,,,0,,,300.7694,50,,"{""g2_T2"": 50}",1,0
fixed_g2_T3,20024,,False,50,155.0,2383.0355999999997,0.0,0.0,,,0,,,2383.0355999999997,50,,"{""g2_T3"": 50}",1,0
fixed_g5_T1,20024,,True,19,19.0,143.3077,0.0,0.0,,,0,,,143.3077,19,,"{""g5_T1"": 19}",0,0
fixed_g5_T2,20024,,True,23,23.0,358.9842,0.0,0.0,,,0,,,358.9842,23,,"{""g5_T2"": 23}",0,0
fixed_g5_T3,20024,,False,50,150.0,18045.485799999995,0.0,0.0,,,0,,,18045.485799999995,50,,"{""g5_T3"": 50}",0,0
fixed_g10_T1,20024,,False,50,150.0,1298.6186999999998,0.0,0.0,,,0,,,1298.6186999999998,50,,"{""g10_T1"": 50}",0,0
fixed_g10_T2,20024,,False,50,150.0,2142.6163,0.0,0.0,,,0,,,2142.6163,50,,"{""g10_T2"": 50}",0,0
fixed_g10_T3,20024,,False,50,150.0,26157.546500000008,0.0,0.0,,,0,,,26157.546500000008,50,,"{""g10_T3"": 50}",0,0
fixed_g20_T1,20024,,False,50,150.0,10260.427800000003,0.0,0.0,,,0,,,10260.427800000003,50,,"{""g20_T1"": 50}",0,0
fixed_g20_T2,20024,,False,50,150.0,12537.364599999999,0.0,0.0,,,0,,,12537.364599999999,50,,"{""g20_T2"": 50}",0,0
fixed_g20_T3,20024,,False,50,150.0,14158.017399999999,0.0,0.0,,,0,,,14158.017399999999,50,,"{""g20_T3"": 50}",0,0
adaptive,20025,"[12, 8]",True,4,4.0,66.21369999999999,2.2298,0.0681,802.9195,68.51159999999999,2,"{'g2_T1': 1, 'g5_T2': 2, 'g10_T2': 1}","[""g2_T1"", ""g10_T2"", ""g5_T2"", ""g5_T2""]",68.51159999999999,4,3,"{""g10_T2"": 1, ""g2_T1"": 1, ""g5_T2"": 2}",,
fixed_g2_T1,20025,,True,7,7.0,19.6119,0.0,0.0,,,0,,,19.6119,7,,"{""g2_T1"": 7}",0,0
fixed_g2_T2,20025,,True,3,3.0,18.025199999999998,0.0,0.0,,,0,,,18.025199999999998,3,,"{""g2_T2"": 3}",0,0
fixed_g2_T3,20025,,True,3,3.0,150.368,0.0,0.0,,,0,,,150.368,3,,"{""g2_T3"": 3}",0,0
fixed_g5_T1,20025,,True,4,4.0,31.3778,0.0,0.0,,,0,,,31.3778,4,,"{""g5_T1"": 4}",0,0
fixed_g5_T2,20025,,True,6,11.0,60.312599999999996,0.0,0.0,,,0,,,60.312599999999996,6,,"{""g5_T2"": 6}",1,0
fixed_g5_T3,20025,,True,5,5.0,1806.6535,0.0,0.0,,,0,,,1806.6535,5,,"{""g5_T3"": 5}",0,0
fixed_g10_T1,20025,,True,4,4.0,103.3494,0.0,0.0,,,0,,,103.3494,4,,"{""g10_T1"": 4}",0,0
fixed_g10_T2,20025,,True,5,5.0,240.7613,0.0,0.0,,,0,,,240.7613,5,,"{""g10_T2"": 5}",0,0
fixed_g10_T3,20025,,True,5,5.0,2678.3158,0.0,0.0,,,0,,,2678.3158,5,,"{""g10_T3"": 5}",0,0
fixed_g20_T1,20025,,True,2,2.0,416.1287,0.0,0.0,,,0,,,416.1287,2,,"{""g20_T1"": 2}",0,0
fixed_g20_T2,20025,,True,4,4.0,1019.6588,0.0,0.0,,,0,,,1019.6588,4,,"{""g20_T2"": 4}",0,0
fixed_g20_T3,20025,,True,4,4.0,1125.9021,0.0,0.0,,,0,,,1125.9021,4,,"{""g20_T3"": 4}",0,0
adaptive,20026,"[12, 10]",True,16,16.0,270.7797,10.0329,0.1388,737.9383,280.9514,4,"{'g2_T1': 1, 'g2_T2': 3, 'g5_T2': 7, 'g10_T1': 2, 'g10_T2': 3}","[""g2_T1"", ""g10_T1"", ""g10_T1"", ""g2_T2"", ""g2_T2"", ""g2_T2"", ""g5_T2"", ""g5_T2"", ""g5_T2"", ""g5_T2"", ""g5_T2"", ""g5_T2"", ""g5_T2"", ""g10_T2"", ""g10_T2"", ""g10_T2""]",280.9514,16,15,"{""g10_T1"": 2, ""g10_T2"": 3, ""g2_T1"": 1, ""g2_T2"": 3, ""g5_T2"": 7}",,
fixed_g2_T1,20026,,False,50,160.0,143.65019999999998,0.0,0.0,,,0,,,143.65019999999998,50,,"{""g2_T1"": 50}",0,20
fixed_g2_T2,20026,,False,50,150.0,303.54970000000003,0.0,0.0,,,0,,,303.54970000000003,50,,"{""g2_T2"": 50}",0,0
fixed_g2_T3,20026,,False,50,155.0,2409.024,0.0,0.0,,,0,,,2409.024,50,,"{""g2_T3"": 50}",1,0
fixed_g5_T1,20026,,True,17,17.0,133.05419999999998,0.0,0.0,,,0,,,133.05419999999998,17,,"{""g5_T1"": 17}",0,0
fixed_g5_T2,20026,,True,16,16.0,213.0984,0.0,0.0,,,0,,,213.0984,16,,"{""g5_T2"": 16}",0,0
fixed_g5_T3,20026,,True,17,17.0,6134.4879,0.0,0.0,,,0,,,6134.4879,17,,"{""g5_T3"": 17}",0,0
fixed_g10_T1,20026,,True,16,16.0,418.31930000000006,0.0,0.0,,,0,,,418.31930000000006,16,,"{""g10_T1"": 16}",0,0
fixed_g10_T2,20026,,True,16,16.0,677.1075000000001,0.0,0.0,,,0,,,677.1075000000001,16,,"{""g10_T2"": 16}",0,0
fixed_g10_T3,20026,,True,16,16.0,8258.992099999998,0.0,0.0,,,0,,,8258.992099999998,16,,"{""g10_T3"": 16}",0,0
fixed_g20_T1,20026,,True,17,17.0,3496.1974999999998,0.0,0.0,,,0,,,3496.1974999999998,17,,"{""g20_T1"": 17}",0,0
fixed_g20_T2,20026,,True,17,17.0,4207.0584,0.0,0.0,,,0,,,4207.0584,17,,"{""g20_T2"": 17}",0,0
fixed_g20_T3,20026,,True,18,18.0,5123.5100999999995,0.0,0.0,,,0,,,5123.5100999999995,18,,"{""g20_T3"": 18}",0,0
adaptive,20027,"[19, 7]",True,36,36.0,649.4413,25.2271,0.4322000000000001,732.15,675.1005999999999,13,"{'g2_T1': 1, 'g2_T2': 4, 'g5_T1': 4, 'g5_T2': 17, 'g10_T1': 2, 'g10_T2': 8}","[""g2_T1"", ""g10_T1"", ""g2_T2"", ""g10_T1"", ""g2_T2"", ""g5_T2"", ""g2_T2"", ""g5_T2"", ""g2_T2"", ""g5_T2"", ""g5_T2"", ""g5_T2"", ""g5_T2"", ""g5_T2"", ""g10_T2"", ""g10_T2"", ""g10_T2"", ""g10_T2"", ""g10_T2"", ""g10_T2"", ""g5_T2"", ""g5_T2"", ""g5_T2"", ""g5_T2"", ""g5_T2"", ""g5_T2"", ""g5_T2"", ""g5_T2"", ""g5_T2"", ""g5_T2"", ""g5_T1"", ""g5_T1"", ""g5_T1"", ""g5_T1"", ""g10_T2"", ""g10_T2""]",675.1005999999999,36,35,"{""g10_T1"": 2, ""g10_T2"": 8, ""g2_T1"": 1, ""g2_T2"": 4, ""g5_T1"": 4, ""g5_T2"": 17}",,
fixed_g2_T1,20027,,False,50,150.0,137.12240000000003,0.0,0.0,,,0,,,137.12240000000003,50,,"{""g2_T1"": 50}",0,0
fixed_g2_T2,20027,,False,50,150.0,301.4027999999999,0.0,0.0,,,0,,,301.4027999999999,50,,"{""g2_T2"": 50}",0,0
fixed_g2_T3,20027,,False,50,150.0,2389.7254000000003,0.0,0.0,,,0,,,2389.7254000000003,50,,"{""g2_T3"": 50}",0,0
fixed_g5_T1,20027,,False,50,150.0,375.19050000000004,0.0,0.0,,,0,,,375.19050000000004,50,,"{""g5_T1"": 50}",0,0
fixed_g5_T2,20027,,True,37,37.0,555.0717000000001,0.0,0.0,,,0,,,555.0717000000001,37,,"{""g5_T2"": 37}",0,0
fixed_g5_T3,20027,,True,37,37.0,13354.530599999998,0.0,0.0,,,0,,,13354.530599999998,37,,"{""g5_T3"": 37}",0,0
fixed_g10_T1,20027,,True,35,35.0,926.7446999999997,0.0,0.0,,,0,,,926.7446999999997,35,,"{""g10_T1"": 35}",0,0
fixed_g10_T2,20027,,True,35,35.0,1383.7269999999996,0.0,0.0,,,0,,,1383.7269999999996,35,,"{""g10_T2"": 35}",0,0
fixed_g10_T3,20027,,True,37,37.0,19257.07600000001,0.0,0.0,,,0,,,19257.07600000001,37,,"{""g10_T3"": 37}",0,0
fixed_g20_T1,20027,,True,36,36.0,7523.6291,0.0,0.0,,,0,,,7523.6291,36,,"{""g20_T1"": 36}",0,0
fixed_g20_T2,20027,,True,36,36.0,9089.9904,0.0,0.0,,,0,,,9089.9904,36,,"{""g20_T2"": 36}",0,0
fixed_g20_T3,20027,,True,37,37.0,10454.854400000004,0.0,0.0,,,0,,,10454.854400000004,37,,"{""g20_T3"": 37}",0,0
adaptive,20028,"[17, 16]",True,40,40.0,1004.5066000000002,28.539099999999998,0.1467,668.925,1033.1924000000001,5,"{'g2_T1': 1, 'g5_T2': 17, 'g10_T1': 4, 'g10_T2': 18}","[""g2_T1"", ""g10_T2"", ""g5_T2"", ""g10_T2"", ""g10_T2"", ""g10_T2"", ""g10_T2"", ""g10_T2"", ""g10_T2"", ""g10_T2"", ""g10_T2"", ""g10_T2"", ""g10_T2"", ""g10_T2"", ""g10_T2"", ""g10_T2"", ""g10_T2"", ""g10_T2"", ""g10_T2"", ""g10_T2"", ""g10_T1"", ""g10_T1"", ""g10_T1"", ""g10_T1"", ""g5_T2"", ""g5_T2"", ""g5_T2"", ""g5_T2"", ""g5_T2"", ""g5_T2"", ""g5_T2"", ""g5_T2"", ""g5_T2"", ""g5_T2"", ""g5_T2"", ""g5_T2"", ""g5_T2"", ""g5_T2"", ""g5_T2"", ""g5_T2""]",1033.1924000000001,40,39,"{""g10_T1"": 4, ""g10_T2"": 18, ""g2_T1"": 1, ""g5_T2"": 17}",,
fixed_g2_T1,20028,,False,50,168.0,134.62630000000001,0.0,0.0,,,0,,,134.62630000000001,50,,"{""g2_T1"": 50}",1,26
fixed_g2_T2,20028,,False,50,155.0,301.4793,0.0,0.0,,,0,,,301.4793,50,,"{""g2_T2"": 50}",1,0
fixed_g2_T3,20028,,False,50,155.0,2381.4786,0.0,0.0,,,0,,,2381.4786,50,,"{""g2_T3"": 50}",1,0
fixed_g5_T1,20028,,True,50,50.0,373.9013,0.0,0.0,,,0,,,373.9013,50,,"{""g5_T1"": 50}",0,0
fixed_g5_T2,20028,,True,50,50.0,708.6847999999999,0.0,0.0,,,0,,,708.6847999999999,50,,"{""g5_T2"": 50}",0,0
fixed_g5_T3,20028,,True,40,40.0,14407.092999999999,0.0,0.0,,,0,,,14407.092999999999,40,,"{""g5_T3"": 40}",0,0
fixed_g10_T1,20028,,True,49,54.0,1306.0010000000002,0.0,0.0,,,0,,,1306.0010000000002,49,,"{""g10_T1"": 49}",1,0
fixed_g10_T2,20028,,True,47,47.0,1866.0291999999997,0.0,0.0,,,0,,,1866.0291999999997,47,,"{""g10_T2"": 47}",0,0
fixed_g10_T3,20028,,True,47,47.0,24586.568499999994,0.0,0.0,,,0,,,24586.568499999994,47,,"{""g10_T3"": 47}",0,0
fixed_g20_T1,20028,,True,50,50.0,10395.753399999998,0.0,0.0,,,0,,,10395.753399999998,50,,"{""g20_T1"": 50}",0,0
fixed_g20_T2,20028,,False,50,150.0,12520.969499999997,0.0,0.0,,,0,,,12520.969499999997,50,,"{""g20_T2"": 50}",0,0
fixed_g20_T3,20028,,False,50,150.0,14037.370100000004,0.0,0.0,,,0,,,14037.370100000004,50,,"{""g20_T3"": 50}",0,0
adaptive,20029,"[10, 7]",True,20,20.0,286.1616,13.323699999999999,0.1373,807.3925,299.6226,4,"{'g2_T1': 1, 'g2_T2': 5, 'g5_T1': 2, 'g5_T2': 9, 'g10_T2': 3}","[""g2_T1"", ""g5_T1"", ""g5_T1"", ""g2_T2"", ""g2_T2"", ""g2_T2"", ""g2_T2"", ""g2_T2"", ""g5_T2"", ""g5_T2"", ""g5_T2"", ""g5_T2"", ""g5_T2"", ""g5_T2"", ""g5_T2"", ""g5_T2"", ""g5_T2"", ""g10_T2"", ""g10_T2"", ""g10_T2""]",299.6226,20,19,"{""g10_T2"": 3, ""g2_T1"": 1, ""g2_T2"": 5, ""g5_T1"": 2, ""g5_T2"": 9}",,
fixed_g2_T1,20029,,False,50,151.5,143.0608,0.0,0.0,,,0,,,143.0608,50,,"{""g2_T1"": 50}",0,3
fixed_g2_T2,20029,,False,50,150.0,303.4308999999999,0.0,0.0,,,0,,,303.4308999999999,50,,"{""g2_T2"": 50}",0,0
fixed_g2_T3,20029,,False,50,150.0,2382.3793,0.0,0.0,,,0,,,2382.3793,50,,"{""g2_T3"": 50}",0,0
fixed_g5_T1,20029,,False,50,150.0,377.1456999999999,0.0,0.0,,,0,,,377.1456999999999,50,,"{""g5_T1"": 50}",0,0
fixed_g5_T2,20029,,True,36,36.0,497.22620000000006,0.0,0.0,,,0,,,497.22620000000006,36,,"{""g5_T2"": 36}",0,0
fixed_g5_T3,20029,,True,36,36.0,12959.435600000004,0.0,0.0,,,0,,,12959.435600000004,36,,"{""g5_T3"": 36}",0,0
fixed_g10_T1,20029,,True,11,16.0,288.69440000000003,0.0,0.0,,,0,,,288.69440000000003,11,,"{""g10_T1"": 11}",1,0
fixed_g10_T2,20029,,True,29,29.0,1188.7743999999998,0.0,0.0,,,0,,,1188.7743999999998,29,,"{""g10_T2"": 29}",0,0
fixed_g10_T3,20029,,True,29,29.0,14818.2089,0.0,0.0,,,0,,,14818.2089,29,,"{""g10_T3"": 29}",0,0
fixed_g20_T1,20029,,True,11,16.0,2233.5878000000002,0.0,0.0,,,0,,,2233.5878000000002,11,,"{""g20_T1"": 11}",1,0
fixed_g20_T2,20029,,True,10,10.0,2408.5516999999995,0.0,0.0,,,0,,,2408.5516999999995,10,,"{""g20_T2"": 10}",0,0
fixed_g20_T3,20029,,True,27,27.0,7678.420499999998,0.0,0.0,,,0,,,7678.420499999998,27,,"{""g20_T3"": 27}",0,0
adaptive,20030,"[18, 5]",True,46,46.0,703.7242999999999,32.57210000000001,0.2239,732.0183,736.5202999999998,8,"{'g2_T1': 1, 'g2_T2': 6, 'g5_T1': 6, 'g5_T2': 26, 'g10_T2': 7}","[""g2_T1"", ""g10_T2"", ""g10_T2"", ""g10_T2"", ""g10_T2"", ""g2_T2"", ""g2_T2"", ""g2_T2"", ""g2_T2"", ""g2_T2"", ""g2_T2"", ""g5_T2"", ""g5_T2"", ""g5_T2"", ""g5_T2"", ""g5_T2"", ""g5_T2"", ""g5_T2"", ""g5_T2"", ""g5_T2"", ""g5_T2"", ""g5_T2"", ""g5_T2"", ""g5_T2"", ""g5_T2"", ""g5_T2"", ""g10_T2"", ""g5_T2"", ""g5_T2"", ""g5_T2"", ""g5_T2"", ""g5_T2"", ""g5_T2"", ""g5_T2"", ""g5_T2"", ""g5_T2"", ""g5_T2"", ""g5_T1"", ""g5_T1"", ""g5_T1"", ""g5_T1"", ""g5_T1"", ""g5_T1"", ""g5_T2"", ""g10_T2"", ""g10_T2""]",736.5202999999998,46,45,"{""g10_T2"": 7, ""g2_T1"": 1, ""g2_T2"": 6, ""g5_T1"": 6, ""g5_T2"": 26}",,
fixed_g2_T1,20030,,False,50,150.0,138.9558,0.0,0.0,,,0,,,138.9558,50,,"{""g2_T1"": 50}",0,0
fixed_g2_T2,20030,,False,50,150.0,303.3901000000001,0.0,0.0,,,0,,,303.3901000000001,50,,"{""g2_T2"": 50}",0,0
fixed_g2_T3,20030,,False,50,150.0,2380.3265,0.0,0.0,,,0,,,2380.3265,50,,"{""g2_T3"": 50}",0,0
fixed_g5_T1,20030,,True,46,51.0,344.06170000000003,0.0,0.0,,,0,,,344.06170000000003,46,,"{""g5_T1"": 46}",1,0
fixed_g5_T2,20030,,False,50,160.0,748.7408000000001,0.0,0.0,,,0,,,748.7408000000001,50,,"{""g5_T2"": 50}",2,0
fixed_g5_T3,20030,,True,47,47.0,16973.671100000007,0.0,0.0,,,0,,,16973.671100000007,47,,"{""g5_T3"": 47}",0,0
fixed_g10_T1,20030,,True,45,45.0,1173.7318,0.0,0.0,,,0,,,1173.7318,45,,"{""g10_T1"": 45}",0,0
fixed_g10_T2,20030,,True,45,45.0,1924.8937999999994,0.0,0.0,,,0,,,1924.8937999999994,45,,"{""g10_T2"": 45}",0,0
fixed_g10_T3,20030,,True,46,46.0,24153.51849999999,0.0,0.0,,,0,,,24153.51849999999,46,,"{""g10_T3"": 46}",0,0
fixed_g20_T1,20030,,True,38,38.0,7935.1863,0.0,0.0,,,0,,,7935.1863,38,,"{""g20_T1"": 38}",0,0
fixed_g20_T2,20030,,True,40,40.0,10170.293299999996,0.0,0.0,,,0,,,10170.293299999996,40,,"{""g20_T2"": 40}",0,0
fixed_g20_T3,20030,,True,39,39.0,11190.048999999999,0.0,0.0,,,0,,,11190.048999999999,39,,"{""g20_T3"": 39}",0,0
adaptive,20031,"[12, 8]",True,18,18.0,475.04480000000007,13.725799999999998,0.3059,672.2341,489.07650000000007,9,"{'g2_T1': 1, 'g2_T2': 3, 'g5_T2': 2, 'g10_T1': 4, 'g10_T2': 8}","[""g2_T1"", ""g10_T2"", ""g5_T2"", ""g2_T2"", ""g10_T1"", ""g10_T1"", ""g10_T1"", ""g2_T2"", ""g10_T1"", ""g2_T2"", ""g10_T2"", ""g10_T2"", ""g10_T2"", ""g10_T2"", ""g10_T2"", ""g10_T2"", ""g10_T2"", ""g5_T2""]",489.07650000000007,18,17,"{""g10_T1"": 4, ""g10_T2"": 8, ""g2_T1"": 1, ""g2_T2"": 3, ""g5_T2"": 2}",,
fixed_g2_T1,20031,,False,50,161.5,141.31789999999998,0.0,0.0,,,0,,,141.31789999999998,50,,"{""g2_T1"": 50}",1,13
fixed_g2_T2,20031,,False,50,157.5,301.637,0.0,0.0,,,0,,,301.637,50,,"{""g2_T2"": 50}",1,5
fixed_g2_T3,20031,,False,50,160.0,2387.712900000001,0.0,0.0,,,0,,,2387.712900000001,50,,"{""g2_T3"": 50}",2,0
fixed_g5_T1,20031,,True,28,28.0,211.76790000000003,0.0,0.0,,,0,,,211.76790000000003,28,,"{""g5_T1"": 28}",0,0
fixed_g5_T2,20031,,True,19,19.0,292.1773,0.0,0.0,,,0,,,292.1773,19,,"{""g5_T2"": 19}",0,0
fixed_g5_T3,20031,,True,19,19.0,6861.5427,0.0,0.0,,,0,,,6861.5427,19,,"{""g5_T3"": 19}",0,0
fixed_g10_T1,20031,,True,21,21.0,567.8332999999999,0.0,0.0,,,0,,,567.8332999999999,21,,"{""g10_T1"": 21}",0,0
fixed_g10_T2,20031,,True,21,21.0,917.4016,0.0,0.0,,,0,,,917.4016,21,,"{""g10_T2"": 21}",0,0
fixed_g10_T3,20031,,True,18,18.0,9402.3785,0.0,0.0,,,0,,,9402.3785,18,,"{""g10_T3"": 18}",0,0
fixed_g20_T1,20031,,True,21,21.0,4258.2717,0.0,0.0,,,0,,,4258.2717,21,,"{""g20_T1"": 21}",0,0
fixed_g20_T2,20031,,True,28,28.0,7123.5079,0.0,0.0,,,0,,,7123.5079,28,,"{""g20_T2"": 28}",0,0
fixed_g20_T3,20031,,True,20,20.0,5620.3887,0.0,0.0,,,0,,,5620.3887,20,,"{""g20_T3"": 20}",0,0
adaptive,20032,"[13, 12]",True,25,25.0,323.9619,16.69,0.1272,743.9988,340.7791,4,"{'g2_T1': 1, 'g2_T2': 2, 'g5_T2': 21, 'g10_T1': 1}","[""g2_T1"", ""g10_T1"", ""g5_T2"", ""g5_T2"", ""g5_T2"", ""g5_T2"", ""g5_T2"", ""g5_T2"", ""g2_T2"", ""g2_T2"", ""g5_T2"", ""g5_T2"", ""g5_T2"", ""g5_T2"", ""g5_T2"", ""g5_T2"", ""g5_T2"", ""g5_T2"", ""g5_T2"", ""g5_T2"", ""g5_T2"", ""g5_T2"", ""g5_T2"", ""g5_T2"", ""g5_T2""]",340.7791,25,24,"{""g10_T1"": 1, ""g2_T1"": 1, ""g2_T2"": 2, ""g5_T2"": 21}",,
fixed_g2_T1,20032,,False,50,155.0,140.08290000000002,0.0,0.0,,,0,,,140.08290000000002,50,,"{""g2_T1"": 50}",1,0
fixed_g2_T2,20032,,False,50,150.0,300.372,0.0,0.0,,,0,,,300.372,50,,"{""g2_T2"": 50}",0,0
fixed_g2_T3,20032,,False,50,150.0,2385.1873,0.0,0.0,,,0,,,2385.1873,50,,"{""g2_T3"": 50}",0,0
fixed_g5_T1,20032,,True,25,25.0,188.37429999999998,0.0,0.0,,,0,,,188.37429999999998,25,,"{""g5_T1"": 25}",0,0
fixed_g5_T2,20032,,True,25,25.0,363.47459999999995,0.0,0.0,,,0,,,363.47459999999995,25,,"{""g5_T2"": 25}",0,0
fixed_g5_T3,20032,,True,25,25.0,9026.0654,0.0,0.0,,,0,,,9026.0654,25,,"{""g5_T3"": 25}",0,0
fixed_g10_T1,20032,,True,25,25.0,662.8606,0.0,0.0,,,0,,,662.8606,25,,"{""g10_T1"": 25}",0,0
fixed_g10_T2,20032,,True,25,25.0,986.7014,0.0,0.0,,,0,,,986.7014,25,,"{""g10_T2"": 25}",0,0
fixed_g10_T3,20032,,True,26,26.0,13467.6782,0.0,0.0,,,0,,,13467.6782,26,,"{""g10_T3"": 26}",0,0
fixed_g20_T1,20032,,True,25,25.0,5216.3506,0.0,0.0,,,0,,,5216.3506,25,,"{""g20_T1"": 25}",0,0
fixed_g20_T2,20032,,True,25,25.0,6281.8502,0.0,0.0,,,0,,,6281.8502,25,,"{""g20_T2"": 25}",0,0
fixed_g20_T3,20032,,True,25,25.0,6969.9746000000005,0.0,0.0,,,0,,,6969.9746000000005,25,,"{""g20_T3"": 25}",0,0
adaptive,20033,"[18, 1]",True,32,37.0,967.7240999999999,24.174300000000006,0.1875,800.3849,992.0858999999999,7,"{'g2_T1': 2, 'g2_T2': 1, 'g5_T2': 3, 'g10_T1': 6, 'g10_T2': 20}","[""g2_T1"", ""g2_T1"", ""g10_T2"", ""g2_T2"", ""g10_T2"", ""g10_T2"", ""g10_T2"", ""g10_T2"", ""g10_T2"", ""g10_T2"", ""g10_T2"", ""g10_T2"", ""g10_T2"", ""g10_T2"", ""g10_T2"", ""g10_T1"", ""g10_T1"", ""g10_T1"", ""g10_T1"", ""g10_T1"", ""g10_T1"", ""g10_T2"", ""g10_T2"", ""g10_T2"", ""g10_T2"", ""g10_T2"", ""g5_T2"", ""g5_T2"", ""g5_T2"", ""g10_T2"", ""g10_T2"", ""g10_T2""]",992.0858999999999,32,31,"{""g10_T1"": 6, ""g10_T2"": 20, ""g2_T1"": 2, ""g2_T2"": 1, ""g5_T2"": 3}",,
fixed_g2_T1,20033,,False,50,150.0,137.8125,0.0,0.0,,,0,,,137.8125,50,,"{""g2_T1"": 50}",0,0
fixed_g2_T2,20033,,False,50,150.0,302.0169000000001,0.0,0.0,,,0,,,302.0169000000001,50,,"{""g2_T2"": 50}",0,0
fixed_g2_T3,20033,,False,50,150.0,2391.6142999999997,0.0,0.0,,,0,,,2391.6142999999997,50,,"{""g2_T3"": 50}",0,0
fixed_g5_T1,20033,,True,43,48.0,325.02060000000006,0.0,0.0,,,0,,,325.02060000000006,43,,"{""g5_T1"": 43}",1,0
fixed_g5_T2,20033,,True,41,46.0,583.1406999999999,0.0,0.0,,,0,,,583.1406999999999,41,,"{""g5_T2"": 41}",1,0
fixed_g5_T3,20033,,True,38,38.0,13722.723199999997,0.0,0.0,,,0,,,13722.723199999997,38,,"{""g5_T3"": 38}",0,0
fixed_g10_T1,20033,,True,41,41.0,1100.5837,0.0,0.0,,,0,,,1100.5837,41,,"{""g10_T1"": 41}",0,0
fixed_g10_T2,20033,,False,50,150.0,2104.2543,0.0,0.0,,,0,,,2104.2543,50,,"{""g10_T2"": 50}",0,0
fixed_g10_T3,20033,,False,50,150.0,26348.52150000001,0.0,0.0,,,0,,,26348.52150000001,50,,"{""g10_T3"": 50}",0,0
fixed_g20_T1,20033,,True,39,39.0,8155.9748,0.0,0.0,,,0,,,8155.9748,39,,"{""g20_T1"": 39}",0,0
fixed_g20_T2,20033,,False,50,150.0,12701.251199999997,0.0,0.0,,,0,,,12701.251199999997,50,,"{""g20_T2"": 50}",0,0
fixed_g20_T3,20033,,True,37,37.0,10761.7699,0.0,0.0,,,0,,,10761.7699,37,,"{""g20_T3"": 37}",0,0
adaptive,20034,"[14, 10]",True,33,33.0,951.5683,25.325899999999994,0.20210000000000003,729.7232,977.0963,7,"{'g2_T1': 1, 'g5_T2': 11, 'g10_T1': 3, 'g10_T2': 18}","[""g2_T1"", ""g5_T2"", ""g5_T2"", ""g10_T2"", ""g10_T2"", ""g10_T2"", ""g10_T2"", ""g10_T2"", ""g10_T2"", ""g10_T2"", ""g5_T2"", ""g10_T1"", ""g10_T1"", ""g10_T2"", ""g10_T2"", ""g10_T2"", ""g10_T2"", ""g10_T2"", ""g10_T2"", ""g10_T2"", ""g10_T2"", ""g10_T2"", ""g10_T2"", ""g10_T2"", ""g10_T1"", ""g5_T2"", ""g5_T2"", ""g5_T2"", ""g5_T2"", ""g5_T2"", ""g5_T2"", ""g5_T2"", ""g5_T2""]",977.0963,33,32,"{""g10_T1"": 3, ""g10_T2"": 18, ""g2_T1"": 1, ""g5_T2"": 11}",,
fixed_g2_T1,20034,,True,13,13.0,36.203399999999995,0.0,0.0,,,0,,,36.203399999999995,13,,"{""g2_T1"": 13}",0,0
fixed_g2_T2,20034,,False,50,150.0,302.68620000000004,0.0,0.0,,,0,,,302.68620000000004,50,,"{""g2_T2"": 50}",0,0
fixed_g2_T3,20034,,True,23,23.0,1093.9096,0.0,0.0,,,0,,,1093.9096,23,,"{""g2_T3"": 23}",0,0
fixed_g5_T1,20034,,True,7,7.0,52.3736,0.0,0.0,,,0,,,52.3736,7,,"{""g5_T1"": 7}",0,0
fixed_g5_T2,20034,,True,15,15.0,252.1878,0.0,0.0,,,0,,,252.1878,15,,"{""g5_T2"": 15}",0,0
fixed_g5_T3,20034,,True,47,52.0,16921.9564,0.0,0.0,,,0,,,16921.9564,47,,"{""g5_T3"": 47}",1,0
fixed_g10_T1,20034,,True,34,34.0,904.5319,0.0,0.0,,,0,,,904.5319,34,,"{""g10_T1"": 34}",0,0
fixed_g10_T2,20034,,False,50,150.0,2077.2026000000005,0.0,0.0,,,0,,,2077.2026000000005,50,,"{""g10_T2"": 50}",0,0
fixed_g10_T3,20034,,True,50,50.0,25880.092399999994,0.0,0.0,,,0,,,25880.092399999994,50,,"{""g10_T3"": 50}",0,0
fixed_g20_T1,20034,,True,8,8.0,1673.557,0.0,0.0,,,0,,,1673.557,8,,"{""g20_T1"": 8}",0,0
fixed_g20_T2,20034,,True,8,8.0,1980.5292,0.0,0.0,,,0,,,1980.5292,8,,"{""g20_T2"": 8}",0,0
fixed_g20_T3,20034,,True,47,47.0,13493.1987,0.0,0.0,,,0,,,13493.1987,47,,"{""g20_T3"": 47}",0,0
adaptive,20035,"[19, 17]",True,31,31.0,797.6021999999999,22.533400000000007,0.20090000000000002,734.4944,820.3365,6,"{'g2_T1': 1, 'g2_T2': 5, 'g5_T2': 10, 'g10_T1': 1, 'g10_T2': 14}","[""g2_T1"", ""g10_T1"", ""g2_T2"", ""g10_T2"", ""g2_T2"", ""g2_T2"", ""g2_T2"", ""g2_T2"", ""g10_T2"", ""g10_T2"", ""g10_T2"", ""g10_T2"", ""g10_T2"", ""g10_T2"", ""g10_T2"", ""g10_T2"", ""g10_T2"", ""g10_T2"", ""g10_T2"", ""g10_T2"", ""g10_T2"", ""g5_T2"", ""g5_T2"", ""g5_T2"", ""g5_T2"", ""g5_T2"", ""g5_T2"", ""g5_T2"", ""g5_T2"", ""g5_T2"", ""g5_T2""]",820.3365,31,30,"{""g10_T1"": 1, ""g10_T2"": 14, ""g2_T1"": 1, ""g2_T2"": 5, ""g5_T2"": 10}",,
fixed_g2_T1,20035,,False,50,164.5,137.01969999999997,0.0,0.0,,,0,,,137.01969999999997,50,,"{""g2_T1"": 50}",0,29
fixed_g2_T2,20035,,False,50,150.0,302.20349999999996,0.0,0.0,,,0,,,302.20349999999996,50,,"{""g2_T2"": 50}",0,0
fixed_g2_T3,20035,,False,50,150.0,2386.1838000000007,0.0,0.0,,,0,,,2386.1838000000007,50,,"{""g2_T3"": 50}",0,0
fixed_g5_T1,20035,,True,36,41.0,268.7623,0.0,0.0,,,0,,,268.7623,36,,"{""g5_T1"": 36}",1,0
fixed_g5_T2,20035,,True,34,39.0,495.22609999999986,0.0,0.0,,,0,,,495.22609999999986,34,,"{""g5_T2"": 34}",1,0
fixed_g5_T3,20035,,True,31,31.0,11172.185699999998,0.0,0.0,,,0,,,11172.185699999998,31,,"{""g5_T3"": 31}",0,0
fixed_g10_T1,20035,,True,33,38.0,852.6122999999999,0.0,0.0,,,0,,,852.6122999999999,33,,"{""g10_T1"": 33}",1,0
fixed_g10_T2,20035,,True,31,31.0,1272.8624,0.0,0.0,,,0,,,1272.8624,31,,"{""g10_T2"": 31}",0,0
fixed_g10_T3,20035,,True,31,31.0,15938.140800000001,0.0,0.0,,,0,,,15938.140800000001,31,,"{""g10_T3"": 31}",0,0
fixed_g20_T1,20035,,True,34,39.0,7011.284399999999,0.0,0.0,,,0,,,7011.284399999999,34,,"{""g20_T1"": 34}",1,0
fixed_g20_T2,20035,,False,50,150.0,12421.413400000001,0.0,0.0,,,0,,,12421.413400000001,50,,"{""g20_T2"": 50}",0,0
fixed_g20_T3,20035,,True,35,40.0,9795.8364,0.0,0.0,,,0,,,9795.8364,35,,"{""g20_T3"": 35}",1,0
adaptive,20036,"[10, 0]",True,25,25.0,303.9569,16.9669,0.1799,805.1087,321.1037,6,"{'g2_T1': 1, 'g2_T2': 4, 'g5_T1': 8, 'g5_T2': 8, 'g10_T1': 2, 'g10_T2': 2}","[""g2_T1"", ""g10_T1"", ""g5_T1"", ""g5_T1"", ""g5_T1"", ""g5_T1"", ""g5_T1"", ""g5_T1"", ""g5_T1"", ""g5_T1"", ""g2_T2"", ""g2_T2"", ""g2_T2"", ""g2_T2"", ""g5_T2"", ""g5_T2"", ""g5_T2"", ""g5_T2"", ""g5_T2"", ""g5_T2"", ""g5_T2"", ""g5_T2"", ""g10_T2"", ""g10_T2"", ""g10_T1""]",321.1037,25,24,"{""g10_T1"": 2, ""g10_T2"": 2, ""g2_T1"": 1, ""g2_T2"": 4, ""g5_T1"": 8, ""g5_T2"": 8}",,
fixed_g2_T1,20036,,False,50,150.0,142.34380000000004,0.0,0.0,,,0,,,142.34380000000004,50,,"{""g2_T1"": 50}",0,0
fixed_g2_T2,20036,,False,50,150.0,301.4105,0.0,0.0,,,0,,,301.4105,50,,"{""g2_T2"": 50}",0,0
fixed_g2_T3,20036,,False,50,150.0,2384.5201000000006,0.0,0.0,,,0,,,2384.5201000000006,50,,"{""g2_T3"": 50}",0,0
fixed_g5_T1,20036,,False,50,150.0,376.8029,0.0,0.0,,,0,,,376.8029,50,,"{""g5_T1"": 50}",0,0
fixed_g5_T2,20036,,True,42,42.0,639.6016999999999,0.0,0.0,,,0,,,639.6016999999999,42,,"{""g5_T2"": 42}",0,0
fixed_g5_T3,20036,,True,42,42.0,15152.1779,0.0,0.0,,,0,,,15152.1779,42,,"{""g5_T3"": 42}",0,0
fixed_g10_T1,20036,,True,45,45.0,1189.5571,0.0,0.0,,,0,,,1189.5571,45,,"{""g10_T1"": 45}",0,0
fixed_g10_T2,20036,,True,44,44.0,1864.8032000000003,0.0,0.0,,,0,,,1864.8032000000003,44,,"{""g10_T2"": 44}",0,0
fixed_g10_T3,20036,,True,44,44.0,22962.5499,0.0,0.0,,,0,,,22962.5499,44,,"{""g10_T3"": 44}",0,0
fixed_g20_T1,20036,,True,47,47.0,9813.766700000004,0.0,0.0,,,0,,,9813.766700000004,47,,"{""g20_T1"": 47}",0,0
fixed_g20_T2,20036,,True,42,42.0,10542.9004,0.0,0.0,,,0,,,10542.9004,42,,"{""g20_T2"": 42}",0,0
fixed_g20_T3,20036,,True,42,42.0,11613.817200000001,0.0,0.0,,,0,,,11613.817200000001,42,,"{""g20_T3"": 42}",0,0
adaptive,20037,"[12, 4]",True,18,18.0,428.8498999999999,13.630300000000002,0.1446,742.522,442.6247999999999,5,"{'g2_T1': 1, 'g2_T2': 5, 'g5_T2': 2, 'g10_T1': 1, 'g10_T2': 9}","[""g2_T1"", ""g2_T2"", ""g10_T1"", ""g2_T2"", ""g2_T2"", ""g2_T2"", ""g2_T2"", ""g10_T2"", ""g10_T2"", ""g10_T2"", ""g10_T2"", ""g10_T2"", ""g10_T2"", ""g10_T2"", ""g10_T2"", ""g10_T2"", ""g5_T2"", ""g5_T2""]",442.6247999999999,18,17,"{""g10_T1"": 1, ""g10_T2"": 9, ""g2_T1"": 1, ""g2_T2"": 5, ""g5_T2"": 2}",,
fixed_g2_T1,20037,,False,50,151.0,141.2387,0.0,0.0,,,0,,,141.2387,50,,"{""g2_T1"": 50}",0,2
fixed_g2_T2,20037,,False,50,150.0,301.88300000000004,0.0,0.0,,,0,,,301.88300000000004,50,,"{""g2_T2"": 50}",0,0
fixed_g2_T3,20037,,False,50,150.0,2387.4995999999996,0.0,0.0,,,0,,,2387.4995999999996,50,,"{""g2_T3"": 50}",0,0
fixed_g5_T1,20037,,True,17,17.0,128.381,0.0,0.0,,,0,,,128.381,17,,"{""g5_T1"": 17}",0,0
fixed_g5_T2,20037,,True,13,13.0,175.2983,0.0,0.0,,,0,,,175.2983,13,,"{""g5_T2"": 13}",0,0
fixed_g5_T3,20037,,True,13,13.0,4685.972,0.0,0.0,,,0,,,4685.972,13,,"{""g5_T3"": 13}",0,0
fixed_g10_T1,20037,,True,13,13.0,341.6862,0.0,0.0,,,0,,,341.6862,13,,"{""g10_T1"": 13}",0,0
fixed_g10_T2,20037,,True,13,13.0,555.1099,0.0,0.0,,,0,,,555.1099,13,,"{""g10_T2"": 13}",0,0
fixed_g10_T3,20037,,True,14,14.0,7220.1013,0.0,0.0,,,0,,,7220.1013,14,,"{""g10_T3"": 14}",0,0
fixed_g20_T1,20037,,True,15,15.0,3077.091,0.0,0.0,,,0,,,3077.091,15,,"{""g20_T1"": 15}",0,0
fixed_g20_T2,20037,,True,13,13.0,3242.546,0.0,0.0,,,0,,,3242.546,13,,"{""g20_T2"": 13}",0,0
fixed_g20_T3,20037,,True,13,13.0,3668.3748000000005,0.0,0.0,,,0,,,3668.3748000000005,13,,"{""g20_T3"": 13}",0,0
adaptive,20038,"[14, 9]",True,41,51.0,992.2376000000002,29.470100000000002,0.7783,818.0598,1022.4860000000001,27,"{'g2_T1': 2, 'g2_T2': 10, 'g5_T2': 5, 'g10_T1': 10, 'g10_T2': 14}","[""g2_T1"", ""g5_T2"", ""g5_T2"", ""g5_T2"", ""g2_T2"", ""g10_T1"", ""g2_T2"", ""g10_T1"", ""g2_T2"", ""g10_T2"", ""g10_T2"", ""g2_T2"", ""g10_T1"", ""g2_T2"", ""g10_T1"", ""g2_T2"", ""g10_T1"", ""g2_T2"", ""g2_T1"", ""g2_T2"", ""g5_T2"", ""g10_T2"", ""g2_T2"", ""g10_T2"", ""g2_T2"", ""g10_T2"", ""g10_T2"", ""g10_T2"", ""g10_T1"", ""g10_T1"", ""g10_T1"", ""g10_T2"", ""g10_T1"", ""g10_T1"", ""g10_T2"", ""g10_T2"", ""g10_T2"", ""g10_T2"", ""g10_T2"", ""g10_T2"", ""g5_T2""]",1022.4860000000001,41,40,"{""g10_T1"": 10, ""g10_T2"": 14, ""g2_T1"": 2, ""g2_T2"": 10, ""g5_T2"": 5}",,
fixed_g2_T1,20038,,False,50,150.0,137.3239,0.0,0.0,,,0,,,137.3239,50,,"{""g2_T1"": 50}",0,0
fixed_g2_T2,20038,,False,50,150.0,301.09710000000007,0.0,0.0,,,0,,,301.09710000000007,50,,"{""g2_T2"": 50}",0,0
fixed_g2_T3,20038,,False,50,150.0,2415.0361999999996,0.0,0.0,,,0,,,2415.0361999999996,50,,"{""g2_T3"": 50}",0,0
fixed_g5_T1,20038,,False,50,155.0,380.7081999999999,0.0,0.0,,,0,,,380.7081999999999,50,,"{""g5_T1"": 50}",1,0
fixed_g5_T2,20038,,False,50,155.0,636.8135000000001,0.0,0.0,,,0,,,636.8135000000001,50,,"{""g5_T2"": 50}",1,0
fixed_g5_T3,20038,,True,17,17.0,6230.3578,0.0,0.0,,,0,,,6230.3578,17,,"{""g5_T3"": 17}",0,0
fixed_g10_T1,20038,,True,17,17.0,446.46450000000016,0.0,0.0,,,0,,,446.46450000000016,17,,"{""g10_T1"": 17}",0,0
fixed_g10_T2,20038,,True,19,19.0,804.5612000000001,0.0,0.0,,,0,,,804.5612000000001,19,,"{""g10_T2"": 19}",0,0
fixed_g10_T3,20038,,True,18,18.0,9203.3123,0.0,0.0,,,0,,,9203.3123,18,,"{""g10_T3"": 18}",0,0
fixed_g20_T1,20038,,True,17,17.0,3534.1377,0.0,0.0,,,0,,,3534.1377,17,,"{""g20_T1"": 17}",0,0
fixed_g20_T2,20038,,True,17,17.0,4234.2177,0.0,0.0,,,0,,,4234.2177,17,,"{""g20_T2"": 17}",0,0
fixed_g20_T3,20038,,True,17,17.0,4935.4801,0.0,0.0,,,0,,,4935.4801,17,,"{""g20_T3"": 17}",0,0
adaptive,20039,"[11, 18]",True,50,50.0,1205.7470999999998,37.528000000000006,0.4224,668.1623,1243.6974999999998,14,"{'g2_T1': 1, 'g2_T2': 3, 'g5_T1': 3, 'g5_T2': 7, 'g10_T1': 28, 'g10_T2': 8}","[""g2_T1"", ""g10_T1"", ""g10_T1"", ""g2_T2"", ""g10_T1"", ""g2_T2"", ""g10_T1"", ""g2_T2"", ""g10_T1"", ""g10_T1"", ""g10_T1"", ""g10_T1"", ""g10_T1"", ""g10_T1"", ""g10_T1"", ""g10_T1"", ""g10_T1"", ""g10_T1"", ""g10_T1"", ""g10_T1"", ""g10_T1"", ""g10_T1"", ""g10_T1"", ""g10_T1"", ""g10_T2"", ""g10_T2"", ""g10_T2"", ""g10_T2"", ""g10_T2"", ""g10_T2"", ""g10_T1"", ""g10_T1"", ""g5_T2"", ""g5_T2"", ""g5_T2"", ""g5_T2"", ""g5_T2"", ""g5_T2"", ""g5_T2"", ""g5_T1"", ""g10_T1"", ""g10_T1"", ""g10_T1"", ""g10_T1"", ""g10_T1"", ""g10_T1"", ""g5_T1"", ""g5_T1"", ""g10_T2"", ""g10_T2""]",1243.6974999999998,50,49,"{""g10_T1"": 28, ""g10_T2"": 8, ""g2_T1"": 1, ""g2_T2"": 3, ""g5_T1"": 3, ""g5_T2"": 7}",,
fixed_g2_T1,20039,,False,50,160.0,139.03549999999996,0.0,0.0,,,0,,,139.03549999999996,50,,"{""g2_T1"": 50}",0,20
fixed_g2_T2,20039,,False,50,150.0,303.61780000000005,0.0,0.0,,,0,,,303.61780000000005,50,,"{""g2_T2"": 50}",0,0
fixed_g2_T3,20039,,False,50,150.0,2396.6155,0.0,0.0,,,0,,,2396.6155,50,,"{""g2_T3"": 50}",0,0
fixed_g5_T1,20039,,True,28,28.0,216.4536,0.0,0.0,,,0,,,216.4536,28,,"{""g5_T1"": 28}",0,0
fixed_g5_T2,20039,,True,16,16.0,247.4259,0.0,0.0,,,0,,,247.4259,16,,"{""g5_T2"": 16}",0,0
fixed_g5_T3,20039,,True,16,16.0,5789.318300000001,0.0,0.0,,,0,,,5789.318300000001,16,,"{""g5_T3"": 16}",0,0
fixed_g10_T1,20039,,True,29,29.0,773.0741,0.0,0.0,,,0,,,773.0741,29,,"{""g10_T1"": 29}",0,0
fixed_g10_T2,20039,,True,38,38.0,1444.2319,0.0,0.0,,,0,,,1444.2319,38,,"{""g10_T2"": 38}",0,0
fixed_g10_T3,20039,,True,38,38.0,19867.732300000003,0.0,0.0,,,0,,,19867.732300000003,38,,"{""g10_T3"": 38}",0,0
fixed_g20_T1,20039,,True,31,31.0,6354.1081,0.0,0.0,,,0,,,6354.1081,31,,"{""g20_T1"": 31}",0,0
fixed_g20_T2,20039,,True,38,38.0,9611.0624,0.0,0.0,,,0,,,9611.0624,38,,"{""g20_T2"": 38}",0,0
fixed_g20_T3,20039,,True,38,38.0,10726.880199999998,0.0,0.0,,,0,,,10726.880199999998,38,,"{""g20_T3"": 38}",0,0
adaptive,20040,"[15, 2]",True,48,48.0,1138.4337,33.4193,0.37260000000000004,734.1988,1172.2256,14,"{'g2_T1': 1, 'g2_T2': 6, 'g5_T1': 14, 'g5_T2': 4, 'g10_T1': 4, 'g10_T2': 19}","[""g2_T1"", ""g10_T1"", ""g10_T1"", ""g10_T2"", ""g5_T1"", ""g5_T1"", ""g5_T1"", ""g5_T1"", ""g2_T2"", ""g2_T2"", ""g10_T2"", ""g2_T2"", ""g2_T2"", ""g10_T2"", ""g10_T2"", ""g10_T2"", ""g10_T2"", ""g10_T2"", ""g10_T2"", ""g10_T2"", ""g10_T2"", ""g2_T2"", ""g2_T2"", ""g10_T2"", ""g10_T2"", ""g10_T2"", ""g10_T1"", ""g10_T1"", ""g5_T1"", ""g5_T1"", ""g5_T1"", ""g5_T1"", ""g5_T2"", ""g5_T2"", ""g5_T2"", ""g5_T2"", ""g5_T1"", ""g5_T1"", ""g5_T1"", ""g5_T1"", ""g5_T1"", ""g5_T1"", ""g10_T2"", ""g10_T2"", ""g10_T2"", ""g10_T2"", ""g10_T2"", ""g10_T2""]",1172.2256,48,47,"{""g10_T1"": 4, ""g10_T2"": 19, ""g2_T1"": 1, ""g2_T2"": 6, ""g5_T1"": 14, ""g5_T2"": 4}",,
fixed_g2_T1,20040,,False,50,157.5,137.5777,0.0,0.0,,,0,,,137.5777,50,,"{""g2_T1"": 50}",0,15
fixed_g2_T2,20040,,False,50,150.0,301.78350000000006,0.0,0.0,,,0,,,301.78350000000006,50,,"{""g2_T2"": 50}",0,0
fixed_g2_T3,20040,,False,50,150.0,2382.9345000000003,0.0,0.0,,,0,,,2382.9345000000003,50,,"{""g2_T3"": 50}",0,0
fixed_g5_T1,20040,,False,50,150.0,376.0287,0.0,0.0,,,0,,,376.0287,50,,"{""g5_T1"": 50}",0,0
fixed_g5_T2,20040,,False,50,150.0,678.5338,0.0,0.0,,,0,,,678.5338,50,,"{""g5_T2"": 50}",0,0
fixed_g5_T3,20040,,True,46,46.0,16578.113100000006,0.0,0.0,,,0,,,16578.113100000006,46,,"{""g5_T3"": 46}",0,0
fixed_g10_T1,20040,,True,50,50.0,1290.8197000000002,0.0,0.0,,,0,,,1290.8197000000002,50,,"{""g10_T1"": 50}",0,0
fixed_g10_T2,20040,,True,50,50.0,2158.4167,0.0,0.0,,,0,,,2158.4167,50,,"{""g10_T2"": 50}",0,0
fixed_g10_T3,20040,,True,50,50.0,25907.319399999993,0.0,0.0,,,0,,,25907.319399999993,50,,"{""g10_T3"": 50}",0,0
fixed_g20_T1,20040,,False,50,155.0,10257.586099999999,0.0,0.0,,,0,,,10257.586099999999,50,,"{""g20_T1"": 50}",1,0
fixed_g20_T2,20040,,True,49,49.0,12519.085799999999,0.0,0.0,,,0,,,12519.085799999999,49,,"{""g20_T2"": 49}",0,0
fixed_g20_T3,20040,,False,50,150.0,14323.5779,0.0,0.0,,,0,,,14323.5779,50,,"{""g20_T3"": 50}",0,0
adaptive,20041,"[12, 13]",True,20,20.0,279.1983,14.7412,0.102,800.9706,294.0415,3,"{'g2_T1': 1, 'g2_T2': 1, 'g5_T2': 16, 'g10_T2': 2}","[""g2_T1"", ""g10_T2"", ""g10_T2"", ""g2_T2"", ""g5_T2"", ""g5_T2"", ""g5_T2"", ""g5_T2"", ""g5_T2"", ""g5_T2"", ""g5_T2"", ""g5_T2"", ""g5_T2"", ""g5_T2"", ""g5_T2"", ""g5_T2"", ""g5_T2"", ""g5_T2"", ""g5_T2"", ""g5_T2""]",294.0415,20,19,"{""g10_T2"": 2, ""g2_T1"": 1, ""g2_T2"": 1, ""g5_T2"": 16}",,
fixed_g2_T1,20041,,False,50,150.0,138.02780000000004,0.0,0.0,,,0,,,138.02780000000004,50,,"{""g2_T1"": 50}",0,0
fixed_g2_T2,20041,,False,50,150.0,302.76379999999995,0.0,0.0,,,0,,,302.76379999999995,50,,"{""g2_T2"": 50}",0,0
fixed_g2_T3,20041,,False,50,150.0,2379.7026,0.0,0.0,,,0,,,2379.7026,50,,"{""g2_T3"": 50}",0,0
fixed_g5_T1,20041,,True,17,17.0,127.03789999999998,0.0,0.0,,,0,,,127.03789999999998,17,,"{""g5_T1"": 17}",0,0
fixed_g5_T2,20041,,True,17,17.0,222.50910000000002,0.0,0.0,,,0,,,222.50910000000002,17,,"{""g5_T2"": 17}",0,0
fixed_g5_T3,20041,,True,17,17.0,6119.858699999998,0.0,0.0,,,0,,,6119.858699999998,17,,"{""g5_T3"": 17}",0,0
fixed_g10_T1,20041,,True,20,20.0,534.2983,0.0,0.0,,,0,,,534.2983,20,,"{""g10_T1"": 20}",0,0
fixed_g10_T2,20041,,True,19,24.0,768.7333,0.0,0.0,,,0,,,768.7333,19,,"{""g10_T2"": 19}",1,0
fixed_g10_T3,20041,,True,18,23.0,9454.284,0.0,0.0,,,0,,,9454.284,18,,"{""g10_T3"": 18}",1,0
fixed_g20_T1,20041,,True,20,25.0,4287.9386,0.0,0.0,,,0,,,4287.9386,20,,"{""g20_T1"": 20}",1,0
fixed_g20_T2,20041,,True,20,20.0,5014.3373,0.0,0.0,,,0,,,5014.3373,20,,"{""g20_T2"": 20}",0,0
fixed_g20_T3,20041,,True,20,20.0,5666.043100000001,0.0,0.0,,,0,,,5666.043100000001,20,,"{""g20_T3"": 20}",0,0
adaptive,20042,"[15, 17]",False,50,150.0,710.0065999999999,34.492399999999996,0.1775,729.7698,744.6764999999999,7,"{'g2_T1': 1, 'g2_T2': 2, 'g5_T1': 6, 'g5_T2': 39, 'g10_T2': 2}","[""g2_T1"", ""g10_T2"", ""g10_T2"", ""g2_T2"", ""g5_T2"", ""g2_T2"", ""g5_T2"", ""g5_T2"", ""g5_T2"", ""g5_T2"", ""g5_T2"", ""g5_T2"", ""g5_T2"", ""g5_T2"", ""g5_T2"", ""g5_T2"", ""g5_T2"", ""g5_T2"", ""g5_T2"", ""g5_T2"", ""g5_T2"", ""g5_T2"", ""g5_T2"", ""g5_T2"", ""g5_T2"", ""g5_T2"", ""g5_T2"", ""g5_T2"", ""g5_T2"", ""g5_T2"", ""g5_T2"", ""g5_T2"", ""g5_T2"", ""g5_T2"", ""g5_T2"", ""g5_T2"", ""g5_T2"", ""g5_T2"", ""g5_T2"", ""g5_T1"", ""g5_T1"", ""g5_T1"", ""g5_T1"", ""g5_T1"", ""g5_T1"", ""g5_T2"", ""g5_T2"", ""g5_T2"", ""g5_T2"", ""g5_T2""]",744.6764999999999,50,49,"{""g10_T2"": 2, ""g2_T1"": 1, ""g2_T2"": 2, ""g5_T1"": 6, ""g5_T2"": 39}",,
fixed_g2_T1,20042,,False,50,150.0,137.19260000000003,0.0,0.0,,,0,,,137.19260000000003,50,,"{""g2_T1"": 50}",0,0
fixed_g2_T2,20042,,False,50,150.0,301.4729,0.0,0.0,,,0,,,301.4729,50,,"{""g2_T2"": 50}",0,0
fixed_g2_T3,20042,,False,50,150.0,2390.8283999999994,0.0,0.0,,,0,,,2390.8283999999994,50,,"{""g2_T3"": 50}",0,0
fixed_g5_T1,20042,,True,27,27.0,203.0957,0.0,0.0,,,0,,,203.0957,27,,"{""g5_T1"": 27}",0,0
fixed_g5_T2,20042,,True,27,27.0,366.63719999999995,0.0,0.0,,,0,,,366.63719999999995,27,,"{""g5_T2"": 27}",0,0
fixed_g5_T3,20042,,True,35,35.0,12638.654099999998,0.0,0.0,,,0,,,12638.654099999998,35,,"{""g5_T3"": 35}",0,0
fixed_g10_T1,20042,,False,50,150.0,1309.0105999999998,0.0,0.0,,,0,,,1309.0105999999998,50,,"{""g10_T1"": 50}",0,0
fixed_g10_T2,20042,,True,38,43.0,1566.5452,0.0,0.0,,,0,,,1566.5452,38,,"{""g10_T2"": 38}",1,0
fixed_g10_T3,20042,,True,37,37.0,19330.748499999998,0.0,0.0,,,0,,,19330.748499999998,37,,"{""g10_T3"": 37}",0,0
fixed_g20_T1,20042,,True,34,34.0,6992.9683,0.0,0.0,,,0,,,6992.9683,34,,"{""g20_T1"": 34}",0,0
fixed_g20_T2,20042,,True,34,34.0,8407.430800000002,0.0,0.0,,,0,,,8407.430800000002,34,,"{""g20_T2"": 34}",0,0
fixed_g20_T3,20042,,True,34,34.0,9630.0992,0.0,0.0,,,0,,,9630.0992,34,,"{""g20_T3"": 34}",0,0
adaptive,20043,"[18, 2]",False,50,150.0,842.5239000000003,35.5167,0.14,669.4036,878.1806000000003,4,"{'g2_T1': 1, 'g5_T2': 33, 'g10_T1': 16}","[""g2_T1"", ""g10_T1"", ""g10_T1"", ""g10_T1"", ""g10_T1"", ""g10_T1"", ""g10_T1"", ""g10_T1"", ""g10_T1"", ""g10_T1"", ""g10_T1"", ""g10_T1"", ""g10_T1"", ""g5_T2"", ""g5_T2"", ""g5_T2"", ""g5_T2"", ""g5_T2"", ""g5_T2"", ""g5_T2"", ""g10_T1"", ""g10_T1"", ""g10_T1"", ""g10_T1"", ""g5_T2"", ""g5_T2"", ""g5_T2"", ""g5_T2"", ""g5_T2"", ""g5_T2"", ""g5_T2"", ""g5_T2"", ""g5_T2"", ""g5_T2"", ""g5_T2"", ""g5_T2"", ""g5_T2"", ""g5_T2"", ""g5_T2"", ""g5_T2"", ""g5_T2"", ""g5_T2"", ""g5_T2"", ""g5_T2"", ""g5_T2"", ""g5_T2"", ""g5_T2"", ""g5_T2"", ""g5_T2"", ""g5_T2""]",878.1806000000003,50,49,"{""g10_T1"": 16, ""g2_T1"": 1, ""g5_T2"": 33}",,
fixed_g2_T1,20043,,False,50,162.5,138.12490000000003,0.0,0.0,,,0,,,138.12490000000003,50,,"{""g2_T1"": 50}",0,25
fixed_g2_T2,20043,,False,50,153.5,306.28630000000004,0.0,0.0,,,0,,,306.28630000000004,50,,"{""g2_T2"": 50}",0,7
fixed_g2_T3,20043,,False,50,150.0,2402.8166000000006,0.0,0.0,,,0,,,2402.8166000000006,50,,"{""g2_T3"": 50}",0,0
fixed_g5_T1,20043,,False,50,155.0,377.12909999999994,0.0,0.0,,,0,,,377.12909999999994,50,,"{""g5_T1"": 50}",1,0
fixed_g5_T2,20043,,False,50,155.0,732.2921,0.0,0.0,,,0,,,732.2921,50,,"{""g5_T2"": 50}",1,0
fixed_g5_T3,20043,,False,50,155.0,18045.013900000005,0.0,0.0,,,0,,,18045.013900000005,50,,"{""g5_T3"": 50}",1,0
fixed_g10_T1,20043,,False,50,150.0,1324.7735999999998,0.0,0.0,,,0,,,1324.7735999999998,50,,"{""g10_T1"": 50}",0,0
fixed_g10_T2,20043,,False,50,155.0,1965.2579999999994,0.0,0.0,,,0,,,1965.2579999999994,50,,"{""g10_T2"": 50}",1,0
fixed_g10_T3,20043,,False,50,150.0,25653.847900000004,0.0,0.0,,,0,,,25653.847900000004,50,,"{""g10_T3"": 50}",0,0
fixed_g20_T1,20043,,False,50,150.0,10152.2408,0.0,0.0,,,0,,,10152.2408,50,,"{""g20_T1"": 50}",0,0
fixed_g20_T2,20043,,False,50,150.0,12336.091300000004,0.0,0.0,,,0,,,12336.091300000004,50,,"{""g20_T2"": 50}",0,0
fixed_g20_T3,20043,,False,50,150.0,14162.047499999999,0.0,0.0,,,0,,,14162.047499999999,50,,"{""g20_T3"": 50}",0,0
adaptive,20044,"[11, 19]",True,29,34.0,389.53689999999995,20.7701,0.16849999999999998,813.9194,410.47549999999995,6,"{'g2_T1': 1, 'g5_T1': 1, 'g5_T2': 24, 'g10_T1': 1, 'g10_T2': 2}","[""g2_T1"", ""g5_T2"", ""g5_T2"", ""g5_T2"", ""g5_T2"", ""g5_T2"", ""g5_T2"", ""g5_T2"", ""g5_T2"", ""g5_T2"", ""g5_T2"", ""g5_T2"", ""g5_T2"", ""g5_T2"", ""g5_T2"", ""g5_T2"", ""g5_T2"", ""g10_T1"", ""g10_T2"", ""g5_T2"", ""g5_T2"", ""g5_T2"", ""g5_T2"", ""g5_T2"", ""g5_T2"", ""g5_T2"", ""g5_T2"", ""g5_T1"", ""g10_T2""]",410.47549999999995,29,28,"{""g10_T1"": 1, ""g10_T2"": 2, ""g2_T1"": 1, ""g5_T1"": 1, ""g5_T2"": 24}",,
fixed_g2_T1,20044,,False,50,150.0,138.07890000000003,0.0,0.0,,,0,,,138.07890000000003,50,,"{""g2_T1"": 50}",0,0
fixed_g2_T2,20044,,False,50,150.0,306.79119999999995,0.0,0.0,,,0,,,306.79119999999995,50,,"{""g2_T2"": 50}",0,0
fixed_g2_T3,20044,,False,50,165.0,2393.0501,0.0,0.0,,,0,,,2393.0501,50,,"{""g2_T3"": 50}",3,0
fixed_g5_T1,20044,,True,39,39.0,297.0262,0.0,0.0,,,0,,,297.0262,39,,"{""g5_T1"": 39}",0,0
fixed_g5_T2,20044,,False,50,160.0,716.9294000000001,0.0,0.0,,,0,,,716.9294000000001,50,,"{""g5_T2"": 50}",2,0
fixed_g5_T3,20044,,False,50,160.0,18143.766200000002,0.0,0.0,,,0,,,18143.766200000002,50,,"{""g5_T3"": 50}",2,0
fixed_g10_T1,20044,,True,23,23.0,603.437,0.0,0.0,,,0,,,603.437,23,,"{""g10_T1"": 23}",0,0
fixed_g10_T2,20044,,True,23,23.0,865.4334,0.0,0.0,,,0,,,865.4334,23,,"{""g10_T2"": 23}",0,0
fixed_g10_T3,20044,,False,50,155.0,26106.970499999996,0.0,0.0,,,0,,,26106.970499999996,50,,"{""g10_T3"": 50}",1,0
fixed_g20_T1,20044,,False,50,155.0,10508.812799999998,0.0,0.0,,,0,,,10508.812799999998,50,,"{""g20_T1"": 50}",1,0
fixed_g20_T2,20044,,True,23,23.0,5905.677199999999,0.0,0.0,,,0,,,5905.677199999999,23,,"{""g20_T2"": 23}",0,0
fixed_g20_T3,20044,,False,50,155.0,14182.4241,0.0,0.0,,,0,,,14182.4241,50,,"{""g20_T3"": 50}",1,0
adaptive,20045,"[17, 9]",True,43,48.0,607.2334000000001,30.9253,0.22799999999999998,733.0273,638.3867,7,"{'g2_T1': 1, 'g2_T2': 4, 'g5_T1': 1, 'g5_T2': 34, 'g10_T2': 3}","[""g2_T1"", ""g10_T2"", ""g10_T2"", ""g2_T2"", ""g5_T2"", ""g2_T2"", ""g2_T2"", ""g2_T2"", ""g5_T2"", ""g5_T2"", ""g5_T2"", ""g5_T2"", ""g5_T2"", ""g5_T2"", ""g5_T2"", ""g5_T2"", ""g5_T2"", ""g5_T2"", ""g5_T2"", ""g5_T2"", ""g5_T2"", ""g5_T2"", ""g5_T2"", ""g5_T2"", ""g5_T2"", ""g5_T2"", ""g5_T2"", ""g5_T2"", ""g5_T2"", ""g5_T2"", ""g5_T2"", ""g5_T2"", ""g5_T2"", ""g5_T2"", ""g5_T2"", ""g5_T2"", ""g5_T2"", ""g5_T2"", ""g5_T2"", ""g5_T2"", ""g5_T2"", ""g10_T2"", ""g5_T1""]",638.3867,43,42,"{""g10_T2"": 3, ""g2_T1"": 1, ""g2_T2"": 4, ""g5_T1"": 1, ""g5_T2"": 34}",,
fixed_g2_T1,20045,,False,50,150.0,135.67190000000002,0.0,0.0,,,0,,,135.67190000000002,50,,"{""g2_T1"": 50}",0,0
fixed_g2_T2,20045,,False,50,150.0,302.17990000000003,0.0,0.0,,,0,,,302.17990000000003,50,,"{""g2_T2"": 50}",0,0
fixed_g2_T3,20045,,False,50,150.0,2384.5361000000007,0.0,0.0,,,0,,,2384.5361000000007,50,,"{""g2_T3"": 50}",0,0
fixed_g5_T1,20045,,True,25,25.0,187.98200000000003,0.0,0.0,,,0,,,187.98200000000003,25,,"{""g5_T1"": 25}",0,0
fixed_g5_T2,20045,,True,45,55.0,679.9326000000001,0.0,0.0,,,0,,,679.9326000000001,45,,"{""g5_T2"": 45}",2,0
fixed_g5_T3,20045,,True,33,33.0,11899.5697,0.0,0.0,,,0,,,11899.5697,33,,"{""g5_T3"": 33}",0,0
fixed_g10_T1,20045,,True,33,33.0,858.3306,0.0,0.0,,,0,,,858.3306,33,,"{""g10_T1"": 33}",0,0
fixed_g10_T2,20045,,True,41,46.0,1710.2868999999998,0.0,0.0,,,0,,,1710.2868999999998,41,,"{""g10_T2"": 41}",1,0
fixed_g10_T3,20045,,True,42,47.0,21965.099299999998,0.0,0.0,,,0,,,21965.099299999998,42,,"{""g10_T3"": 42}",1,0
fixed_g20_T1,20045,,True,45,50.0,9234.700700000001,0.0,0.0,,,0,,,9234.700700000001,45,,"{""g20_T1"": 45}",1,0
fixed_g20_T2,20045,,True,42,42.0,10656.381500000001,0.0,0.0,,,0,,,10656.381500000001,42,,"{""g20_T2"": 42}",0,0
fixed_g20_T3,20045,,True,42,42.0,11831.250199999997,0.0,0.0,,,0,,,11831.250199999997,42,,"{""g20_T3"": 42}",0,0
adaptive,20046,"[15, 13]",True,27,27.0,725.6877000000001,20.5205,0.092,668.9603,746.3002,4,"{'g2_T1': 1, 'g5_T2': 2, 'g10_T1': 17, 'g10_T2': 7}","[""g2_T1"", ""g10_T1"", ""g10_T1"", ""g10_T1"", ""g10_T1"", ""g10_T1"", ""g10_T1"", ""g10_T1"", ""g10_T1"", ""g10_T1"", ""g10_T1"", ""g10_T1"", ""g10_T1"", ""g10_T1"", ""g10_T1"", ""g10_T1"", ""g10_T2"", ""g10_T2"", ""g10_T2"", ""g10_T2"", ""g10_T2"", ""g10_T2"", ""g10_T2"", ""g10_T1"", ""g10_T1"", ""g5_T2"", ""g5_T2""]",746.3002,27,26,"{""g10_T1"": 17, ""g10_T2"": 7, ""g2_T1"": 1, ""g5_T2"": 2}",,
fixed_g2_T1,20046,,False,50,165.0,136.4516,0.0,0.0,,,0,,,136.4516,50,,"{""g2_T1"": 50}",0,30
fixed_g2_T2,20046,,False,50,150.0,302.01279999999986,0.0,0.0,,,0,,,302.01279999999986,50,,"{""g2_T2"": 50}",0,0
fixed_g2_T3,20046,,False,50,150.0,2382.1901,0.0,0.0,,,0,,,2382.1901,50,,"{""g2_T3"": 50}",0,0
fixed_g5_T1,20046,,True,27,27.0,201.1712,0.0,0.0,,,0,,,201.1712,27,,"{""g5_T1"": 27}",0,0
fixed_g5_T2,20046,,True,32,32.0,448.1951000000001,0.0,0.0,,,0,,,448.1951000000001,32,,"{""g5_T2"": 32}",0,0
fixed_g5_T3,20046,,True,32,37.0,11515.824300000002,0.0,0.0,,,0,,,11515.824300000002,32,,"{""g5_T3"": 32}",1,0
fixed_g10_T1,20046,,True,27,27.0,702.8024999999999,0.0,0.0,,,0,,,702.8024999999999,27,,"{""g10_T1"": 27}",0,0
fixed_g10_T2,20046,,True,30,30.0,1251.8132999999998,0.0,0.0,,,0,,,1251.8132999999998,30,,"{""g10_T2"": 30}",0,0
fixed_g10_T3,20046,,True,30,30.0,15658.527599999998,0.0,0.0,,,0,,,15658.527599999998,30,,"{""g10_T3"": 30}",0,0
fixed_g20_T1,20046,,True,32,32.0,6622.5769,0.0,0.0,,,0,,,6622.5769,32,,"{""g20_T1"": 32}",0,0
fixed_g20_T2,20046,,True,29,29.0,7242.4836,0.0,0.0,,,0,,,7242.4836,29,,"{""g20_T2"": 29}",0,0
fixed_g20_T3,20046,,True,29,29.0,8496.0321,0.0,0.0,,,0,,,8496.0321,29,,"{""g20_T3"": 29}",0,0
adaptive,20047,"[18, 1]",True,34,34.0,669.3751999999998,24.874699999999997,0.28850000000000003,804.6699,694.5383999999998,11,"{'g2_T1': 1, 'g2_T2': 5, 'g5_T1': 7, 'g5_T2': 8, 'g10_T1': 2, 'g10_T2': 11}","[""g2_T1"", ""g2_T2"", ""g5_T2"", ""g5_T2"", ""g5_T2"", ""g5_T2"", ""g2_T2"", ""g2_T2"", ""g10_T2"", ""g10_T2"", ""g2_T2"", ""g2_T2"", ""g10_T2"", ""g10_T2"", ""g10_T2"", ""g10_T1"", ""g10_T1"", ""g5_T1"", ""g5_T1"", ""g5_T2"", ""g5_T2"", ""g5_T2"", ""g5_T2"", ""g5_T1"", ""g5_T1"", ""g5_T1"", ""g5_T1"", ""g5_T1"", ""g10_T2"", ""g10_T2"", ""g10_T2"", ""g10_T2"", ""g10_T2"", ""g10_T2""]",694.5383999999998,34,33,"{""g10_T1"": 2, ""g10_T2"": 11, ""g2_T1"": 1, ""g2_T2"": 5, ""g5_T1"": 7, ""g5_T2"": 8}",,
fixed_g2_T1,20047,,False,50,150.0,137.4979,0.0,0.0,,,0,,,137.4979,50,,"{""g2_T1"": 50}",0,0
fixed_g2_T2,20047,,False,50,150.0,302.5996000000001,0.0,0.0,,,0,,,302.5996000000001,50,,"{""g2_T2"": 50}",0,0
fixed_g2_T3,20047,,False,50,160.0,2386.3668,0.0,0.0,,,0,,,2386.3668,50,,"{""g2_T3"": 50}",2,0
fixed_g5_T1,20047,,False,50,158.5,375.67069999999995,0.0,0.0,,,0,,,375.67069999999995,50,,"{""g5_T1"": 50}",1,7
fixed_g5_T2,20047,,False,50,158.5,757.2501000000001,0.0,0.0,,,0,,,757.2501000000001,50,,"{""g5_T2"": 50}",1,7
fixed_g5_T3,20047,,True,25,25.0,9037.6108,0.0,0.0,,,0,,,9037.6108,25,,"{""g5_T3"": 25}",0,0
fixed_g10_T1,20047,,False,50,150.0,1325.0522999999996,0.0,0.0,,,0,,,1325.0522999999996,50,,"{""g10_T1"": 50}",0,0
fixed_g10_T2,20047,,False,50,150.0,2050.5111,0.0,0.0,,,0,,,2050.5111,50,,"{""g10_T2"": 50}",0,0
fixed_g10_T3,20047,,False,50,150.0,26142.216099999998,0.0,0.0,,,0,,,26142.216099999998,50,,"{""g10_T3"": 50}",0,0
fixed_g20_T1,20047,,False,50,150.0,10371.8204,0.0,0.0,,,0,,,10371.8204,50,,"{""g20_T1"": 50}",0,0
fixed_g20_T2,20047,,True,33,33.0,8442.2374,0.0,0.0,,,0,,,8442.2374,33,,"{""g20_T2"": 33}",0,0
fixed_g20_T3,20047,,True,32,32.0,8818.516799999998,0.0,0.0,,,0,,,8818.516799999998,32,,"{""g20_T3"": 32}",0,0
adaptive,20048,"[11, 5]",False,50,155.0,1219.0535000000002,37.19990000000001,0.24670000000000003,742.5299,1256.5001000000002,10,"{'g2_T1': 2, 'g5_T1': 1, 'g5_T2': 8, 'g10_T1': 35, 'g10_T2': 4}","[""g2_T1"", ""g10_T1"", ""g10_T1"", ""g5_T2"", ""g5_T2"", ""g5_T2"", ""g5_T2"", ""g5_T2"", ""g5_T2"", ""g5_T2"", ""g10_T1"", ""g10_T2"", ""g10_T1"", ""g10_T1"", ""g10_T1"", ""g10_T1"", ""g10_T1"", ""g10_T1"", ""g10_T1"", ""g10_T1"", ""g10_T1"", ""g10_T1"", ""g10_T1"", ""g10_T1"", ""g10_T1"", ""g10_T1"", ""g10_T1"", ""g10_T1"", ""g10_T1"", ""g10_T1"", ""g10_T1"", ""g10_T1"", ""g10_T1"", ""g10_T1"", ""g10_T1"", ""g10_T1"", ""g10_T1"", ""g2_T1"", ""g5_T2"", ""g5_T1"", ""g10_T2"", ""g10_T2"", ""g10_T2"", ""g10_T1"", ""g10_T1"", ""g10_T1"", ""g10_T1"", ""g10_T1"", ""g10_T1"", ""g10_T1""]",1256.5001000000002,50,49,"{""g10_T1"": 35, ""g10_T2"": 4, ""g2_T1"": 2, ""g5_T1"": 1, ""g5_T2"": 8}",,
fixed_g2_T1,20048,,False,50,150.0,137.01680000000002,0.0,0.0,,,0,,,137.01680000000002,50,,"{""g2_T1"": 50}",0,0
fixed_g2_T2,20048,,True,33,38.0,198.70020000000005,0.0,0.0,,,0,,,198.70020000000005,33,,"{""g2_T2"": 33}",1,0
fixed_g2_T3,20048,,False,50,160.0,2395.1793,0.0,0.0,,,0,,,2395.1793,50,,"{""g2_T3"": 50}",2,0
fixed_g5_T1,20048,,False,50,150.0,378.5262000000001,0.0,0.0,,,0,,,378.5262000000001,50,,"{""g5_T1"": 50}",0,0
fixed_g5_T2,20048,,False,50,150.0,711.7773,0.0,0.0,,,0,,,711.7773,50,,"{""g5_T2"": 50}",0,0
fixed_g5_T3,20048,,False,50,150.0,18036.533699999996,0.0,0.0,,,0,,,18036.533699999996,50,,"{""g5_T3"": 50}",0,0
fixed_g10_T1,20048,,True,25,25.0,671.5964,0.0,0.0,,,0,,,671.5964,25,,"{""g10_T1"": 25}",0,0
fixed_g10_T2,20048,,True,14,14.0,584.8685,0.0,0.0,,,0,,,584.8685,14,,"{""g10_T2"": 14}",0,0
fixed_g10_T3,20048,,True,14,14.0,7283.7575,0.0,0.0,,,0,,,7283.7575,14,,"{""g10_T3"": 14}",0,0
fixed_g20_T1,20048,,True,27,27.0,5659.7615,0.0,0.0,,,0,,,5659.7615,27,,"{""g20_T1"": 27}",0,0
fixed_g20_T2,20048,,True,27,27.0,6866.3263,0.0,0.0,,,0,,,6866.3263,27,,"{""g20_T2"": 27}",0,0
fixed_g20_T3,20048,,True,27,27.0,7718.1142,0.0,0.0,,,0,,,7718.1142,27,,"{""g20_T3"": 27}",0,0
adaptive,20049,"[14, 11]",True,31,36.0,372.06129999999996,21.621499999999994,0.1804,740.9027,393.86319999999995,6,"{'g2_T1': 1, 'g2_T2': 3, 'g5_T1': 7, 'g5_T2': 18, 'g10_T2': 2}","[""g2_T1"", ""g5_T2"", ""g2_T2"", ""g2_T2"", ""g2_T2"", ""g5_T2"", ""g5_T2"", ""g5_T2"", ""g5_T2"", ""g5_T2"", ""g5_T2"", ""g5_T2"", ""g5_T2"", ""g5_T2"", ""g5_T2"", ""g5_T1"", ""g5_T1"", ""g5_T1"", ""g5_T1"", ""g5_T1"", ""g5_T1"", ""g5_T1"", ""g10_T2"", ""g10_T2"", ""g5_T2"", ""g5_T2"", ""g5_T2"", ""g5_T2"", ""g5_T2"", ""g5_T2"", ""g5_T2""]",393.86319999999995,31,30,"{""g10_T2"": 2, ""g2_T1"": 1, ""g2_T2"": 3, ""g5_T1"": 7, ""g5_T2"": 18}",,
fixed_g2_T1,20049,,False,50,150.0,136.3869,0.0,0.0,,,0,,,136.3869,50,,"{""g2_T1"": 50}",0,0
fixed_g2_T2,20049,,False,50,150.0,301.0218,0.0,0.0,,,0,,,301.0218,50,,"{""g2_T2"": 50}",0,0
fixed_g2_T3,20049,,False,50,150.0,2384.0054999999998,0.0,0.0,,,0,,,2384.0054999999998,50,,"{""g2_T3"": 50}",0,0
fixed_g5_T1,20049,,True,30,30.0,224.99050000000003,0.0,0.0,,,0,,,224.99050000000003,30,,"{""g5_T1"": 30}",0,0
fixed_g5_T2,20049,,True,30,30.0,416.869,0.0,0.0,,,0,,,416.869,30,,"{""g5_T2"": 30}",0,0
fixed_g5_T3,20049,,True,27,27.0,9743.760399999997,0.0,0.0,,,0,,,9743.760399999997,27,,"{""g5_T3"": 27}",0,0
fixed_g10_T1,20049,,True,29,29.0,774.0733000000001,0.0,0.0,,,0,,,774.0733000000001,29,,"{""g10_T1"": 29}",0,0
fixed_g10_T2,20049,,True,30,30.0,1303.9174000000003,0.0,0.0,,,0,,,1303.9174000000003,30,,"{""g10_T2"": 30}",0,0
fixed_g10_T3,20049,,True,28,28.0,14440.576700000001,0.0,0.0,,,0,,,14440.576700000001,28,,"{""g10_T3"": 28}",0,0
fixed_g20_T1,20049,,True,31,31.0,6468.6401,0.0,0.0,,,0,,,6468.6401,31,,"{""g20_T1"": 31}",0,0
fixed_g20_T2,20049,,True,31,31.0,7961.102199999999,0.0,0.0,,,0,,,7961.102199999999,31,,"{""g20_T2"": 31}",0,0
fixed_g20_T3,20049,,True,32,32.0,9262.051500000001,0.0,0.0,,,0,,,9262.051500000001,32,,"{""g20_T3"": 32}",0,0
adaptive,20050,"[14, 9]",True,31,31.0,618.7582000000001,23.215300000000003,0.5492000000000001,804.8919,642.5227000000001,15,"{'g2_T1': 1, 'g2_T2': 8, 'g5_T2': 7, 'g10_T1': 7, 'g10_T2': 8}","[""g2_T1"", ""g10_T1"", ""g10_T1"", ""g10_T1"", ""g10_T1"", ""g10_T1"", ""g10_T1"", ""g2_T2"", ""g10_T1"", ""g2_T2"", ""g2_T2"", ""g2_T2"", ""g10_T2"", ""g2_T2"", ""g10_T2"", ""g2_T2"", ""g10_T2"", ""g2_T2"", ""g10_T2"", ""g2_T2"", ""g10_T2"", ""g10_T2"", ""g10_T2"", ""g5_T2"", ""g5_T2"", ""g5_T2"", ""g5_T2"", ""g5_T2"", ""g5_T2"", ""g5_T2"", ""g10_T2""]",642.5227000000001,31,30,"{""g10_T1"": 7, ""g10_T2"": 8, ""g2_T1"": 1, ""g2_T2"": 8, ""g5_T2"": 7}",,
fixed_g2_T1,20050,,False,50,150.0,135.4196,0.0,0.0,,,0,,,135.4196,50,,"{""g2_T1"": 50}",0,0
fixed_g2_T2,20050,,False,50,150.0,301.7770000000001,0.0,0.0,,,0,,,301.7770000000001,50,,"{""g2_T2"": 50}",0,0
fixed_g2_T3,20050,,True,13,13.0,619.8379,0.0,0.0,,,0,,,619.8379,13,,"{""g2_T3"": 13}",0,0
fixed_g5_T1,20050,,True,45,45.0,340.3406,0.0,0.0,,,0,,,340.3406,45,,"{""g5_T1"": 45}",0,0
fixed_g5_T2,20050,,True,43,43.0,640.4276000000001,0.0,0.0,,,0,,,640.4276000000001,43,,"{""g5_T2"": 43}",0,0
fixed_g5_T3,20050,,True,45,45.0,16218.858799999998,0.0,0.0,,,0,,,16218.858799999998,45,,"{""g5_T3"": 45}",0,0
fixed_g10_T1,20050,,True,42,47.0,1144.2527,0.0,0.0,,,0,,,1144.2527,42,,"{""g10_T1"": 42}",1,0
fixed_g10_T2,20050,,True,39,39.0,1632.2815999999993,0.0,0.0,,,0,,,1632.2815999999993,39,,"{""g10_T2"": 39}",0,0
fixed_g10_T3,20050,,True,39,39.0,20503.336099999997,0.0,0.0,,,0,,,20503.336099999997,39,,"{""g10_T3"": 39}",0,0
fixed_g20_T1,20050,,True,44,44.0,9072.117999999999,0.0,0.0,,,0,,,9072.117999999999,44,,"{""g20_T1"": 44}",0,0
fixed_g20_T2,20050,,True,44,44.0,11151.638799999997,0.0,0.0,,,0,,,11151.638799999997,44,,"{""g20_T2"": 44}",0,0
fixed_g20_T3,20050,,True,44,44.0,12440.8224,0.0,0.0,,,0,,,12440.8224,44,,"{""g20_T3"": 44}",0,0
adaptive,20051,"[15, 5]",True,35,40.0,530.3611999999999,25.430400000000002,0.1353,805.1586,555.9268999999999,5,"{'g2_T1': 1, 'g2_T2': 5, 'g5_T2': 24, 'g10_T2': 5}","[""g2_T1"", ""g2_T2"", ""g5_T2"", ""g2_T2"", ""g2_T2"", ""g2_T2"", ""g2_T2"", ""g5_T2"", ""g5_T2"", ""g5_T2"", ""g5_T2"", ""g5_T2"", ""g5_T2"", ""g5_T2"", ""g5_T2"", ""g5_T2"", ""g5_T2"", ""g5_T2"", ""g5_T2"", ""g5_T2"", ""g5_T2"", ""g5_T2"", ""g5_T2"", ""g5_T2"", ""g5_T2"", ""g5_T2"", ""g5_T2"", ""g5_T2"", ""g5_T2"", ""g5_T2"", ""g10_T2"", ""g10_T2"", ""g10_T2"", ""g10_T2"", ""g10_T2""]",555.9268999999999,35,34,"{""g10_T2"": 5, ""g2_T1"": 1, ""g2_T2"": 5, ""g5_T2"": 24}",,
fixed_g2_T1,20051,,False,50,150.0,137.7528,0.0,0.0,,,0,,,137.7528,50,,"{""g2_T1"": 50}",0,0
fixed_g2_T2,20051,,False,50,150.0,301.53349999999995,0.0,0.0,,,0,,,301.53349999999995,50,,"{""g2_T2"": 50}",0,0
fixed_g2_T3,20051,,False,50,150.0,2383.6165000000005,0.0,0.0,,,0,,,2383.6165000000005,50,,"{""g2_T3"": 50}",0,0
fixed_g5_T1,20051,,True,31,31.0,233.7709,0.0,0.0,,,0,,,233.7709,31,,"{""g5_T1"": 31}",0,0
fixed_g5_T2,20051,,True,27,27.0,392.4165999999999,0.0,0.0,,,0,,,392.4165999999999,27,,"{""g5_T2"": 27}",0,0
fixed_g5_T3,20051,,True,27,27.0,9732.650100000003,0.0,0.0,,,0,,,9732.650100000003,27,,"{""g5_T3"": 27}",0,0
fixed_g10_T1,20051,,True,31,31.0,812.1909,0.0,0.0,,,0,,,812.1909,31,,"{""g10_T1"": 31}",0,0
fixed_g10_T2,20051,,True,29,29.0,1210.9095000000002,0.0,0.0,,,0,,,1210.9095000000002,29,,"{""g10_T2"": 29}",0,0
fixed_g10_T3,20051,,True,29,29.0,14918.996100000002,0.0,0.0,,,0,,,14918.996100000002,29,,"{""g10_T3"": 29}",0,0
fixed_g20_T1,20051,,True,29,29.0,5917.505500000002,0.0,0.0,,,0,,,5917.505500000002,29,,"{""g20_T1"": 29}",0,0
fixed_g20_T2,20051,,True,29,29.0,7284.764199999999,0.0,0.0,,,0,,,7284.764199999999,29,,"{""g20_T2"": 29}",0,0
fixed_g20_T3,20051,,True,27,27.0,7588.608899999999,0.0,0.0,,,0,,,7588.608899999999,27,,"{""g20_T3"": 27}",0,0
adaptive,20052,"[19, 9]",True,27,27.0,589.6554000000001,20.818099999999994,0.2457,733.1231,610.7192000000001,7,"{'g2_T1': 1, 'g2_T2': 4, 'g5_T2': 8, 'g10_T1': 9, 'g10_T2': 5}","[""g2_T1"", ""g10_T1"", ""g2_T2"", ""g2_T2"", ""g2_T2"", ""g2_T2"", ""g10_T2"", ""g10_T2"", ""g10_T2"", ""g5_T2"", ""g5_T2"", ""g5_T2"", ""g5_T2"", ""g5_T2"", ""g5_T2"", ""g10_T2"", ""g10_T2"", ""g10_T1"", ""g10_T1"", ""g10_T1"", ""g10_T1"", ""g10_T1"", ""g10_T1"", ""g10_T1"", ""g10_T1"", ""g5_T2"", ""g5_T2""]",610.7192000000001,27,26,"{""g10_T1"": 9, ""g10_T2"": 5, ""g2_T1"": 1, ""g2_T2"": 4, ""g5_T2"": 8}",,
fixed_g2_T1,20052,,False,50,150.0,136.02579999999998,0.0,0.0,,,0,,,136.02579999999998,50,,"{""g2_T1"": 50}",0,0
fixed_g2_T2,20052,,False,50,150.0,303.92220000000003,0.0,0.0,,,0,,,303.92220000000003,50,,"{""g2_T2"": 50}",0,0
fixed_g2_T3,20052,,False,50,150.0,2389.0342,0.0,0.0,,,0,,,2389.0342,50,,"{""g2_T3"": 50}",0,0
fixed_g5_T1,20052,,True,27,27.0,202.78499999999994,0.0,0.0,,,0,,,202.78499999999994,27,,"{""g5_T1"": 27}",0,0
fixed_g5_T2,20052,,True,25,25.0,367.8538000000001,0.0,0.0,,,0,,,367.8538000000001,25,,"{""g5_T2"": 25}",0,0
fixed_g5_T3,20052,,True,23,23.0,8294.2467,0.0,0.0,,,0,,,8294.2467,23,,"{""g5_T3"": 23}",0,0
fixed_g10_T1,20052,,True,42,47.0,1117.3901,0.0,0.0,,,0,,,1117.3901,42,,"{""g10_T1"": 42}",1,0
fixed_g10_T2,20052,,True,31,31.0,1216.7734000000003,0.0,0.0,,,0,,,1216.7734000000003,31,,"{""g10_T2"": 31}",0,0
fixed_g10_T3,20052,,True,26,31.0,13829.787400000001,0.0,0.0,,,0,,,13829.787400000001,26,,"{""g10_T3"": 26}",1,0
fixed_g20_T1,20052,,True,31,31.0,6484.8152,0.0,0.0,,,0,,,6484.8152,31,,"{""g20_T1"": 31}",0,0
fixed_g20_T2,20052,,True,31,31.0,7862.852399999999,0.0,0.0,,,0,,,7862.852399999999,31,,"{""g20_T2"": 31}",0,0
fixed_g20_T3,20052,,True,32,32.0,8983.3564,0.0,0.0,,,0,,,8983.3564,32,,"{""g20_T3"": 32}",0,0
adaptive,20053,"[19, 8]",True,41,41.0,1373.1371999999997,31.1141,0.30879999999999996,670.44,1404.5600999999997,12,"{'g2_T1': 1, 'g2_T2': 3, 'g5_T2': 3, 'g10_T1': 10, 'g10_T2': 24}","[""g2_T1"", ""g10_T2"", ""g10_T2"", ""g10_T2"", ""g5_T2"", ""g5_T2"", ""g2_T2"", ""g5_T2"", ""g2_T2"", ""g10_T2"", ""g2_T2"", ""g10_T2"", ""g10_T2"", ""g10_T2"", ""g10_T2"", ""g10_T2"", ""g10_T2"", ""g10_T2"", ""g10_T2"", ""g10_T2"", ""g10_T2"", ""g10_T2"", ""g10_T2"", ""g10_T2"", ""g10_T2"", ""g10_T2"", ""g10_T1"", ""g10_T2"", ""g10_T1"", ""g10_T1"", ""g10_T1"", ""g10_T1"", ""g10_T1"", ""g10_T1"", ""g10_T1"", ""g10_T1"", ""g10_T1"", ""g10_T2"", ""g10_T2"", ""g10_T2"", ""g10_T2""]",1404.5600999999997,41,40,"{""g10_T1"": 10, ""g10_T2"": 24, ""g2_T1"": 1, ""g2_T2"": 3, ""g5_T2"": 3}",,
fixed_g2_T1,20053,,False,50,168.5,137.22250000000003,0.0,0.0,,,0,,,137.22250000000003,50,,"{""g2_T1"": 50}",0,37
fixed_g2_T2,20053,,False,50,158.5,299.4228,0.0,0.0,,,0,,,299.4228,50,,"{""g2_T2"": 50}",0,17
fixed_g2_T3,20053,,False,50,150.0,2393.1243,0.0,0.0,,,0,,,2393.1243,50,,"{""g2_T3"": 50}",0,0
fixed_g5_T1,20053,,False,50,150.0,379.2537999999999,0.0,0.0,,,0,,,379.2537999999999,50,,"{""g5_T1"": 50}",0,0
fixed_g5_T2,20053,,False,50,155.0,680.8921999999999,0.0,0.0,,,0,,,680.8921999999999,50,,"{""g5_T2"": 50}",1,0
fixed_g5_T3,20053,,False,50,150.0,18055.2006,0.0,0.0,,,0,,,18055.2006,50,,"{""g5_T3"": 50}",0,0
fixed_g10_T1,20053,,False,50,150.0,1332.9134000000001,0.0,0.0,,,0,,,1332.9134000000001,50,,"{""g10_T1"": 50}",0,0
fixed_g10_T2,20053,,False,50,150.0,1963.7130000000002,0.0,0.0,,,0,,,1963.7130000000002,50,,"{""g10_T2"": 50}",0,0
fixed_g10_T3,20053,,False,50,150.0,26489.146300000008,0.0,0.0,,,0,,,26489.146300000008,50,,"{""g10_T3"": 50}",0,0
fixed_g20_T1,20053,,False,50,150.0,10253.448900000001,0.0,0.0,,,0,,,10253.448900000001,50,,"{""g20_T1"": 50}",0,0
fixed_g20_T2,20053,,False,50,150.0,12578.1081,0.0,0.0,,,0,,,12578.1081,50,,"{""g20_T2"": 50}",0,0
fixed_g20_T3,20053,,False,50,150.0,13966.607300000003,0.0,0.0,,,0,,,13966.607300000003,50,,"{""g20_T3"": 50}",0,0
adaptive,20054,"[15, 18]",True,5,5.0,152.75670000000002,3.2288,0.0786,809.4172,156.06410000000002,3,"{'g2_T1': 1, 'g2_T2': 1, 'g10_T1': 1, 'g10_T2': 2}","[""g2_T1"", ""g10_T1"", ""g10_T2"", ""g10_T2"", ""g2_T2""]",156.06410000000002,5,4,"{""g10_T1"": 1, ""g10_T2"": 2, ""g2_T1"": 1, ""g2_T2"": 1}",,
fixed_g2_T1,20054,,False,50,150.0,146.01080000000007,0.0,0.0,,,0,,,146.01080000000007,50,,"{""g2_T1"": 50}",0,0
fixed_g2_T2,20054,,False,50,150.0,307.82890000000003,0.0,0.0,,,0,,,307.82890000000003,50,,"{""g2_T2"": 50}",0,0
fixed_g2_T3,20054,,False,50,150.0,2386.6364,0.0,0.0,,,0,,,2386.6364,50,,"{""g2_T3"": 50}",0,0
fixed_g5_T1,20054,,True,38,38.5,285.72610000000003,0.0,0.0,,,0,,,285.72610000000003,38,,"{""g5_T1"": 38}",0,1
fixed_g5_T2,20054,,True,7,7.0,111.93950000000001,0.0,0.0,,,0,,,111.93950000000001,7,,"{""g5_T2"": 7}",0,0
fixed_g5_T3,20054,,True,7,7.0,2521.3642,0.0,0.0,,,0,,,2521.3642,7,,"{""g5_T3"": 7}",0,0
fixed_g10_T1,20054,,True,7,7.0,186.0932,0.0,0.0,,,0,,,186.0932,7,,"{""g10_T1"": 7}",0,0
fixed_g10_T2,20054,,True,7,7.0,306.759,0.0,0.0,,,0,,,306.759,7,,"{""g10_T2"": 7}",0,0
fixed_g10_T3,20054,,True,8,8.0,4164.5099,0.0,0.0,,,0,,,4164.5099,8,,"{""g10_T3"": 8}",0,0
fixed_g20_T1,20054,,True,7,7.0,1425.3334,0.0,0.0,,,0,,,1425.3334,7,,"{""g20_T1"": 7}",0,0
fixed_g20_T2,20054,,True,7,7.0,1752.8766,0.0,0.0,,,0,,,1752.8766,7,,"{""g20_T2"": 7}",0,0
fixed_g20_T3,20054,,True,7,7.0,2194.4666,0.0,0.0,,,0,,,2194.4666,7,,"{""g20_T3"": 7}",0,0
adaptive,20055,"[19, 14]",True,17,27.0,296.5518,12.158,0.06659999999999999,740.7951,308.7764,2,"{'g2_T1': 1, 'g5_T2': 12, 'g10_T2': 4}","[""g2_T1"", ""g10_T2"", ""g10_T2"", ""g10_T2"", ""g10_T2"", ""g5_T2"", ""g5_T2"", ""g5_T2"", ""g5_T2"", ""g5_T2"", ""g5_T2"", ""g5_T2"", ""g5_T2"", ""g5_T2"", ""g5_T2"", ""g5_T2"", ""g5_T2""]",308.7764,17,16,"{""g10_T2"": 4, ""g2_T1"": 1, ""g5_T2"": 12}",,
fixed_g2_T1,20055,,False,50,150.0,137.66070000000002,0.0,0.0,,,0,,,137.66070000000002,50,,"{""g2_T1"": 50}",0,0
fixed_g2_T2,20055,,False,50,150.0,301.5008000000001,0.0,0.0,,,0,,,301.5008000000001,50,,"{""g2_T2"": 50}",0,0
fixed_g2_T3,20055,,True,30,30.0,1431.184,0.0,0.0,,,0,,,1431.184,30,,"{""g2_T3"": 30}",0,0
fixed_g5_T1,20055,,False,50,150.0,375.33959999999996,0.0,0.0,,,0,,,375.33959999999996,50,,"{""g5_T1"": 50}",0,0
fixed_g5_T2,20055,,False,50,150.0,701.3600999999999,0.0,0.0,,,0,,,701.3600999999999,50,,"{""g5_T2"": 50}",0,0
fixed_g5_T3,20055,,True,37,37.0,13328.310200000002,0.0,0.0,,,0,,,13328.310200000002,37,,"{""g5_T3"": 37}",0,0
fixed_g10_T1,20055,,False,50,150.0,1311.0267999999999,0.0,0.0,,,0,,,1311.0267999999999,50,,"{""g10_T1"": 50}",0,0
fixed_g10_T2,20055,,True,43,48.0,1805.9949,0.0,0.0,,,0,,,1805.9949,43,,"{""g10_T2"": 43}",1,0
fixed_g10_T3,20055,,True,42,47.0,21794.196299999996,0.0,0.0,,,0,,,21794.196299999996,42,,"{""g10_T3"": 42}",1,0
fixed_g20_T1,20055,,True,43,48.0,8860.244499999997,0.0,0.0,,,0,,,8860.244499999997,43,,"{""g20_T1"": 43}",1,0
fixed_g20_T2,20055,,True,47,47.0,11907.116200000002,0.0,0.0,,,0,,,11907.116200000002,47,,"{""g20_T2"": 47}",0,0
fixed_g20_T3,20055,,True,40,40.0,11313.015400000002,0.0,0.0,,,0,,,11313.015400000002,40,,"{""g20_T3"": 40}",0,0
adaptive,20056,"[18, 19]",True,21,21.0,286.7022,15.210099999999999,0.1322,803.9793,302.0445,5,"{'g2_T1': 1, 'g2_T2': 1, 'g5_T1': 2, 'g5_T2': 15, 'g10_T2': 2}","[""g2_T1"", ""g10_T2"", ""g10_T2"", ""g5_T2"", ""g5_T2"", ""g5_T2"", ""g5_T2"", ""g5_T2"", ""g5_T2"", ""g5_T2"", ""g5_T2"", ""g5_T2"", ""g5_T2"", ""g5_T2"", ""g5_T2"", ""g5_T2"", ""g5_T2"", ""g5_T1"", ""g5_T1"", ""g5_T2"", ""g2_T2""]",302.0445,21,20,"{""g10_T2"": 2, ""g2_T1"": 1, ""g2_T2"": 1, ""g5_T1"": 2, ""g5_T2"": 15}",,
fixed_g2_T1,20056,,False,50,150.0,139.6063,0.0,0.0,,,0,,,139.6063,50,,"{""g2_T1"": 50}",0,0
fixed_g2_T2,20056,,False,50,150.0,301.99690000000004,0.0,0.0,,,0,,,301.99690000000004,50,,"{""g2_T2"": 50}",0,0
fixed_g2_T3,20056,,False,50,150.0,2386.2637999999997,0.0,0.0,,,0,,,2386.2637999999997,50,,"{""g2_T3"": 50}",0,0
fixed_g5_T1,20056,,True,35,40.0,263.93149999999997,0.0,0.0,,,0,,,263.93149999999997,35,,"{""g5_T1"": 35}",1,0
fixed_g5_T2,20056,,True,23,23.0,332.23439999999994,0.0,0.0,,,0,,,332.23439999999994,23,,"{""g5_T2"": 23}",0,0
fixed_g5_T3,20056,,True,23,23.0,8291.6467,0.0,0.0,,,0,,,8291.6467,23,,"{""g5_T3"": 23}",0,0
fixed_g10_T1,20056,,True,26,31.0,717.8385000000001,0.0,0.0,,,0,,,717.8385000000001,26,,"{""g10_T1"": 26}",1,0
fixed_g10_T2,20056,,True,23,23.0,964.2411,0.0,0.0,,,0,,,964.2411,23,,"{""g10_T2"": 23}",0,0
fixed_g10_T3,20056,,True,23,23.0,12101.2762,0.0,0.0,,,0,,,12101.2762,23,,"{""g10_T3"": 23}",0,0
fixed_g20_T1,20056,,True,29,29.0,6208.585999999999,0.0,0.0,,,0,,,6208.585999999999,29,,"{""g20_T1"": 29}",0,0
fixed_g20_T2,20056,,True,23,23.0,5810.7199,0.0,0.0,,,0,,,5810.7199,23,,"{""g20_T2"": 23}",0,0
fixed_g20_T3,20056,,True,23,23.0,6652.130999999999,0.0,0.0,,,0,,,6652.130999999999,23,,"{""g20_T3"": 23}",0,0
adaptive,20057,"[15, 10]",True,25,30.0,709.9404999999999,19.3682,0.2091,736.6353,729.5178,8,"{'g2_T1': 1, 'g2_T2': 7, 'g5_T2': 1, 'g10_T1': 6, 'g10_T2': 10}","[""g2_T1"", ""g2_T2"", ""g2_T2"", ""g2_T2"", ""g10_T2"", ""g10_T2"", ""g10_T2"", ""g10_T2"", ""g10_T2"", ""g10_T2"", ""g2_T2"", ""g2_T2"", ""g2_T2"", ""g10_T2"", ""g10_T2"", ""g10_T1"", ""g10_T1"", ""g10_T1"", ""g10_T1"", ""g10_T1"", ""g10_T1"", ""g10_T2"", ""g10_T2"", ""g2_T2"", ""g5_T2""]",729.5178,25,24,"{""g10_T1"": 6, ""g10_T2"": 10, ""g2_T1"": 1, ""g2_T2"": 7, ""g5_T2"": 1}",,
fixed_g2_T1,20057,,False,50,156.0,138.5882,0.0,0.0,,,0,,,138.5882,50,,"{""g2_T1"": 50}",0,12
fixed_g2_T2,20057,,False,50,156.0,300.6575000000001,0.0,0.0,,,0,,,300.6575000000001,50,,"{""g2_T2"": 50}",0,12
fixed_g2_T3,20057,,False,50,150.0,2381.2681000000002,0.0,0.0,,,0,,,2381.2681000000002,50,,"{""g2_T3"": 50}",0,0
fixed_g5_T1,20057,,True,27,32.0,204.5459,0.0,0.0,,,0,,,204.5459,27,,"{""g5_T1"": 27}",1,0
fixed_g5_T2,20057,,True,29,39.0,441.40500000000003,0.0,0.0,,,0,,,441.40500000000003,29,,"{""g5_T2"": 29}",2,0
fixed_g5_T3,20057,,True,27,37.0,9729.647400000002,0.0,0.0,,,0,,,9729.647400000002,27,,"{""g5_T3"": 27}",2,0
fixed_g10_T1,20057,,True,36,36.0,942.2555,0.0,0.0,,,0,,,942.2555,36,,"{""g10_T1"": 36}",0,0
fixed_g10_T2,20057,,True,37,37.0,1533.0112999999997,0.0,0.0,,,0,,,1533.0112999999997,37,,"{""g10_T2"": 37}",0,0
fixed_g10_T3,20057,,True,45,45.0,23304.047700000003,0.0,0.0,,,0,,,23304.047700000003,45,,"{""g10_T3"": 45}",0,0
fixed_g20_T1,20057,,True,36,36.0,7438.590300000001,0.0,0.0,,,0,,,7438.590300000001,36,,"{""g20_T1"": 36}",0,0
fixed_g20_T2,20057,,True,37,37.0,9392.8355,0.0,0.0,,,0,,,9392.8355,37,,"{""g20_T2"": 37}",0,0
fixed_g20_T3,20057,,True,28,28.0,7870.753200000001,0.0,0.0,,,0,,,7870.753200000001,28,,"{""g20_T3"": 28}",0,0
adaptive,20058,"[15, 4]",True,31,31.0,756.0806,22.9856,0.36469999999999997,732.8657,779.4309,11,"{'g2_T1': 3, 'g2_T2': 2, 'g5_T2': 8, 'g10_T1': 12, 'g10_T2': 6}","[""g2_T1"", ""g10_T1"", ""g10_T2"", ""g10_T2"", ""g10_T2"", ""g10_T2"", ""g2_T1"", ""g10_T1"", ""g2_T2"", ""g10_T1"", ""g10_T1"", ""g2_T2"", ""g10_T1"", ""g10_T1"", ""g10_T1"", ""g10_T1"", ""g10_T1"", ""g10_T1"", ""g10_T1"", ""g10_T1"", ""g5_T2"", ""g5_T2"", ""g5_T2"", ""g5_T2"", ""g5_T2"", ""g5_T2"", ""g5_T2"", ""g5_T2"", ""g10_T2"", ""g10_T2"", ""g2_T1""]",779.4309,31,30,"{""g10_T1"": 12, ""g10_T2"": 6, ""g2_T1"": 3, ""g2_T2"": 2, ""g5_T2"": 8}",,
fixed_g2_T1,20058,,False,50,150.0,134.24009999999998,0.0,0.0,,,0,,,134.24009999999998,50,,"{""g2_T1"": 50}",0,0
fixed_g2_T2,20058,,True,19,19.0,115.14650000000002,0.0,0.0,,,0,,,115.14650000000002,19,,"{""g2_T2"": 19}",0,0
fixed_g2_T3,20058,,True,19,19.0,905.7289999999998,0.0,0.0,,,0,,,905.7289999999998,19,,"{""g2_T3"": 19}",0,0
fixed_g5_T1,20058,,False,50,150.0,373.5461,0.0,0.0,,,0,,,373.5461,50,,"{""g5_T1"": 50}",0,0
fixed_g5_T2,20058,,True,12,12.0,169.8875,0.0,0.0,,,0,,,169.8875,12,,"{""g5_T2"": 12}",0,0
fixed_g5_T3,20058,,True,12,12.0,4336.1246,0.0,0.0,,,0,,,4336.1246,12,,"{""g5_T3"": 12}",0,0
fixed_g10_T1,20058,,True,16,21.0,417.23819999999995,0.0,0.0,,,0,,,417.23819999999995,16,,"{""g10_T1"": 16}",1,0
fixed_g10_T2,20058,,True,13,13.0,532.8219999999999,0.0,0.0,,,0,,,532.8219999999999,13,,"{""g10_T2"": 13}",0,0
fixed_g10_T3,20058,,True,31,31.0,16250.598700000002,0.0,0.0,,,0,,,16250.598700000002,31,,"{""g10_T3"": 31}",0,0
fixed_g20_T1,20058,,True,13,13.0,2741.2888000000003,0.0,0.0,,,0,,,2741.2888000000003,13,,"{""g20_T1"": 13}",0,0
fixed_g20_T2,20058,,True,12,12.0,2923.0395999999996,0.0,0.0,,,0,,,2923.0395999999996,12,,"{""g20_T2"": 12}",0,0
fixed_g20_T3,20058,,True,31,31.0,8913.482599999998,0.0,0.0,,,0,,,8913.482599999998,31,,"{""g20_T3"": 31}",0,0
adaptive,20059,"[19, 18]",True,27,37.0,444.28630000000004,20.120799999999996,0.3548,810.3431,464.7619,10,"{'g2_T1': 1, 'g2_T2': 7, 'g5_T2': 12, 'g10_T1': 3, 'g10_T2': 4}","[""g2_T1"", ""g10_T2"", ""g2_T2"", ""g10_T2"", ""g2_T2"", ""g2_T2"", ""g2_T2"", ""g2_T2"", ""g10_T2"", ""g10_T2"", ""g2_T2"", ""g10_T1"", ""g10_T1"", ""g10_T1"", ""g5_T2"", ""g5_T2"", ""g5_T2"", ""g5_T2"", ""g5_T2"", ""g5_T2"", ""g2_T2"", ""g5_T2"", ""g5_T2"", ""g5_T2"", ""g5_T2"", ""g5_T2"", ""g5_T2""]",464.7619,27,26,"{""g10_T1"": 3, ""g10_T2"": 4, ""g2_T1"": 1, ""g2_T2"": 7, ""g5_T2"": 12}",,
fixed_g2_T1,20059,,False,50,150.0,135.53989999999996,0.0,0.0,,,0,,,135.53989999999996,50,,"{""g2_T1"": 50}",0,0
fixed_g2_T2,20059,,False,50,150.0,304.61840000000007,0.0,0.0,,,0,,,304.61840000000007,50,,"{""g2_T2"": 50}",0,0
fixed_g2_T3,20059,,False,50,150.0,2388.6384999999996,0.0,0.0,,,0,,,2388.6384999999996,50,,"{""g2_T3"": 50}",0,0
fixed_g5_T1,20059,,False,50,150.0,377.2845000000001,0.0,0.0,,,0,,,377.2845000000001,50,,"{""g5_T1"": 50}",0,0
fixed_g5_T2,20059,,True,25,30.0,363.0347000000001,0.0,0.0,,,0,,,363.0347000000001,25,,"{""g5_T2"": 25}",1,0
fixed_g5_T3,20059,,True,32,32.0,11556.0673,0.0,0.0,,,0,,,11556.0673,32,,"{""g5_T3"": 32}",0,0
fixed_g10_T1,20059,,True,43,48.0,1135.0047,0.0,0.0,,,0,,,1135.0047,43,,"{""g10_T1"": 43}",1,0
fixed_g10_T2,20059,,True,43,48.0,1817.7508000000003,0.0,0.0,,,0,,,1817.7508000000003,43,,"{""g10_T2"": 43}",1,0
fixed_g10_T3,20059,,True,43,48.0,22429.765599999995,0.0,0.0,,,0,,,22429.765599999995,43,,"{""g10_T3"": 43}",1,0
fixed_g20_T1,20059,,True,43,48.0,8898.664600000002,0.0,0.0,,,0,,,8898.664600000002,43,,"{""g20_T1"": 43}",1,0
fixed_g20_T2,20059,,True,43,48.0,10932.310800000001,0.0,0.0,,,0,,,10932.310800000001,43,,"{""g20_T2"": 43}",1,0
fixed_g20_T3,20059,,True,40,45.0,11472.25389999999,0.0,0.0,,,0,,,11472.25389999999,40,,"{""g20_T3"": 40}",1,0
adaptive,20060,"[16, 6]",True,44,49.0,736.428,30.863000000000007,0.289,823.6812,767.58,9,"{'g2_T1': 1, 'g2_T2': 5, 'g5_T1': 7, 'g5_T2': 27, 'g10_T1': 1, 'g10_T2': 2, 'g20_T2': 1}","[""g2_T1"", ""g5_T1"", ""g5_T1"", ""g5_T1"", ""g5_T1"", ""g5_T1"", ""g5_T1"", ""g5_T1"", ""g2_T2"", ""g2_T2"", ""g2_T2"", ""g2_T2"", ""g2_T2"", ""g5_T2"", ""g5_T2"", ""g5_T2"", ""g5_T2"", ""g5_T2"", ""g5_T2"", ""g5_T2"", ""g5_T2"", ""g5_T2"", ""g5_T2"", ""g5_T2"", ""g5_T2"", ""g5_T2"", ""g5_T2"", ""g5_T2"", ""g10_T2"", ""g10_T1"", ""g5_T2"", ""g5_T2"", ""g5_T2"", ""g5_T2"", ""g5_T2"", ""g5_T2"", ""g5_T2"", ""g5_T2"", ""g5_T2"", ""g5_T2"", ""g5_T2"", ""g20_T2"", ""g5_T2"", ""g10_T2""]",767.58,44,43,"{""g10_T1"": 1, ""g10_T2"": 2, ""g20_T2"": 1, ""g2_T1"": 1, ""g2_T2"": 5, ""g5_T1"": 7, ""g5_T2"": 27}",,
fixed_g2_T1,20060,,False,50,150.0,135.99489999999997,0.0,0.0,,,0,,,135.99489999999997,50,,"{""g2_T1"": 50}",0,0
fixed_g2_T2,20060,,False,50,150.0,303.2777,0.0,0.0,,,0,,,303.2777,50,,"{""g2_T2"": 50}",0,0
fixed_g2_T3,20060,,False,50,150.0,2394.2688,0.0,0.0,,,0,,,2394.2688,50,,"{""g2_T3"": 50}",0,0
fixed_g5_T1,20060,,False,50,150.0,380.0178,0.0,0.0,,,0,,,380.0178,50,,"{""g5_T1"": 50}",0,0
fixed_g5_T2,20060,,True,41,41.0,499.6202,0.0,0.0,,,0,,,499.6202,41,,"{""g5_T2"": 41}",0,0
fixed_g5_T3,20060,,True,41,41.0,14883.532499999998,0.0,0.0,,,0,,,14883.532499999998,41,,"{""g5_T3"": 41}",0,0
fixed_g10_T1,20060,,False,50,150.0,1327.2697000000005,0.0,0.0,,,0,,,1327.2697000000005,50,,"{""g10_T1"": 50}",0,0
fixed_g10_T2,20060,,True,45,50.0,1788.3866000000005,0.0,0.0,,,0,,,1788.3866000000005,45,,"{""g10_T2"": 45}",1,0
fixed_g10_T3,20060,,True,45,50.0,23399.7838,0.0,0.0,,,0,,,23399.7838,45,,"{""g10_T3"": 45}",1,0
fixed_g20_T1,20060,,True,46,51.0,9234.6817,0.0,0.0,,,0,,,9234.6817,46,,"{""g20_T1"": 46}",1,0
fixed_g20_T2,20060,,True,44,49.0,11244.752099999998,0.0,0.0,,,0,,,11244.752099999998,44,,"{""g20_T2"": 44}",1,0
fixed_g20_T3,20060,,True,44,49.0,12627.168000000003,0.0,0.0,,,0,,,12627.168000000003,44,,"{""g20_T3"": 44}",1,0
adaptive,20061,"[17, 3]",False,50,150.0,1146.6671999999999,37.1066,0.36099999999999993,671.2445,1184.1348,13,"{'g2_T1': 1, 'g2_T2': 3, 'g5_T1': 4, 'g5_T2': 11, 'g10_T1': 24, 'g10_T2': 7}","[""g2_T1"", ""g10_T1"", ""g10_T1"", ""g10_T1"", ""g10_T1"", ""g10_T1"", ""g2_T2"", ""g10_T1"", ""g2_T2"", ""g10_T1"", ""g2_T2"", ""g10_T2"", ""g10_T2"", ""g10_T2"", ""g10_T2"", ""g10_T2"", ""g10_T2"", ""g10_T1"", ""g10_T1"", ""g10_T1"", ""g10_T1"", ""g10_T1"", ""g10_T1"", ""g10_T1"", ""g10_T1"", ""g10_T1"", ""g10_T1"", ""g10_T1"", ""g10_T1"", ""g10_T1"", ""g10_T1"", ""g10_T1"", ""g10_T1"", ""g10_T1"", ""g5_T2"", ""g5_T2"", ""g5_T2"", ""g5_T2"", ""g5_T2"", ""g5_T2"", ""g5_T2"", ""g5_T2"", ""g5_T2"", ""g5_T2"", ""g5_T1"", ""g10_T2"", ""g5_T1"", ""g5_T1"", ""g5_T1"", ""g5_T2""]",1184.1348,50,49,"{""g10_T1"": 24, ""g10_T2"": 7, ""g2_T1"": 1, ""g2_T2"": 3, ""g5_T1"": 4, ""g5_T2"": 11}",,
fixed_g2_T1,20061,,False,50,160.5,139.15709999999996,0.0,0.0,,,0,,,139.15709999999996,50,,"{""g2_T1"": 50}",0,21
fixed_g2_T2,20061,,False,50,155.0,300.6497,0.0,0.0,,,0,,,300.6497,50,,"{""g2_T2"": 50}",1,0
fixed_g2_T3,20061,,False,50,150.0,2383.6403,0.0,0.0,,,0,,,2383.6403,50,,"{""g2_T3"": 50}",0,0
fixed_g5_T1,20061,,False,50,150.0,373.8644,0.0,0.0,,,0,,,373.8644,50,,"{""g5_T1"": 50}",0,0
fixed_g5_T2,20061,,False,50,155.0,738.1668,0.0,0.0,,,0,,,738.1668,50,,"{""g5_T2"": 50}",1,0
fixed_g5_T3,20061,,True,49,54.0,17676.93,0.0,0.0,,,0,,,17676.93,49,,"{""g5_T3"": 49}",1,0
fixed_g10_T1,20061,,True,25,25.0,651.0749,0.0,0.0,,,0,,,651.0749,25,,"{""g10_T1"": 25}",0,0
fixed_g10_T2,20061,,True,23,23.0,943.9516999999998,0.0,0.0,,,0,,,943.9516999999998,23,,"{""g10_T2"": 23}",0,0
fixed_g10_T3,20061,,False,50,150.0,25961.14550000001,0.0,0.0,,,0,,,25961.14550000001,50,,"{""g10_T3"": 50}",0,0
fixed_g20_T1,20061,,True,25,25.0,5204.4444,0.0,0.0,,,0,,,5204.4444,25,,"{""g20_T1"": 25}",0,0
fixed_g20_T2,20061,,True,23,23.0,5715.466899999999,0.0,0.0,,,0,,,5715.466899999999,23,,"{""g20_T2"": 23}",0,0
fixed_g20_T3,20061,,False,50,150.0,14254.268999999998,0.0,0.0,,,0,,,14254.268999999998,50,,"{""g20_T3"": 50}",0,0
adaptive,20062,"[16, 1]",False,50,150.0,880.8444000000003,33.749799999999986,0.31499999999999995,730.3945,914.9092000000003,13,"{'g2_T1': 1, 'g2_T2': 5, 'g5_T1': 11, 'g5_T2': 16, 'g10_T1': 9, 'g10_T2': 8}","[""g2_T1"", ""g10_T1"", ""g10_T1"", ""g10_T1"", ""g2_T2"", ""g5_T2"", ""g2_T2"", ""g2_T2"", ""g5_T2"", ""g2_T2"", ""g2_T2"", ""g10_T2"", ""g10_T2"", ""g10_T2"", ""g10_T2"", ""g10_T2"", ""g10_T2"", ""g10_T2"", ""g10_T2"", ""g10_T1"", ""g10_T1"", ""g10_T1"", ""g10_T1"", ""g10_T1"", ""g10_T1"", ""g5_T2"", ""g5_T2"", ""g5_T2"", ""g5_T2"", ""g5_T2"", ""g5_T2"", ""g5_T2"", ""g5_T2"", ""g5_T1"", ""g5_T1"", ""g5_T1"", ""g5_T1"", ""g5_T1"", ""g5_T1"", ""g5_T1"", ""g5_T2"", ""g5_T2"", ""g5_T2"", ""g5_T2"", ""g5_T1"", ""g5_T1"", ""g5_T1"", ""g5_T1"", ""g5_T2"", ""g5_T2""]",914.9092000000003,50,49,"{""g10_T1"": 9, ""g10_T2"": 8, ""g2_T1"": 1, ""g2_T2"": 5, ""g5_T1"": 11, ""g5_T2"": 16}",,
fixed_g2_T1,20062,,False,50,159.5,136.6551,0.0,0.0,,,0,,,136.6551,50,,"{""g2_T1"": 50}",0,19
fixed_g2_T2,20062,,False,50,157.0,302.2457,0.0,0.0,,,0,,,302.2457,50,,"{""g2_T2"": 50}",0,14
fixed_g2_T3,20062,,False,50,155.0,2385.5013000000004,0.0,0.0,,,0,,,2385.5013000000004,50,,"{""g2_T3"": 50}",1,0
fixed_g5_T1,20062,,False,50,150.0,376.64090000000004,0.0,0.0,,,0,,,376.64090000000004,50,,"{""g5_T1"": 50}",0,0
fixed_g5_T2,20062,,False,50,150.0,743.8187999999998,0.0,0.0,,,0,,,743.8187999999998,50,,"{""g5_T2"": 50}",0,0
fixed_g5_T3,20062,,False,50,155.0,18027.458699999996,0.0,0.0,,,0,,,18027.458699999996,50,,"{""g5_T3"": 50}",1,0
fixed_g10_T1,20062,,False,50,150.0,1332.4369999999997,0.0,0.0,,,0,,,1332.4369999999997,50,,"{""g10_T1"": 50}",0,0
fixed_g10_T2,20062,,True,47,47.0,1786.7235000000003,0.0,0.0,,,0,,,1786.7235000000003,47,,"{""g10_T2"": 47}",0,0
fixed_g10_T3,20062,,True,47,47.0,24417.5109,0.0,0.0,,,0,,,24417.5109,47,,"{""g10_T3"": 47}",0,0
fixed_g20_T1,20062,,True,38,38.0,7824.031799999999,0.0,0.0,,,0,,,7824.031799999999,38,,"{""g20_T1"": 38}",0,0
fixed_g20_T2,20062,,True,37,42.0,9281.2298,0.0,0.0,,,0,,,9281.2298,37,,"{""g20_T2"": 37}",1,0
fixed_g20_T3,20062,,True,46,46.0,13211.734499999997,0.0,0.0,,,0,,,13211.734499999997,46,,"{""g20_T3"": 46}",0,0
adaptive,20063,"[13, 18]",True,21,26.0,328.547,15.068499999999997,0.18330000000000002,800.1774,343.79879999999997,6,"{'g2_T1': 5, 'g5_T2': 8, 'g10_T1': 6, 'g10_T2': 2}","[""g2_T1"", ""g10_T1"", ""g10_T1"", ""g10_T1"", ""g10_T1"", ""g2_T1"", ""g2_T1"", ""g2_T1"", ""g2_T1"", ""g10_T1"", ""g5_T2"", ""g5_T2"", ""g5_T2"", ""g5_T2"", ""g5_T2"", ""g5_T2"", ""g5_T2"", ""g5_T2"", ""g10_T1"", ""g10_T2"", ""g10_T2""]",343.79879999999997,21,20,"{""g10_T1"": 6, ""g10_T2"": 2, ""g2_T1"": 5, ""g5_T2"": 8}",,
fixed_g2_T1,20063,,False,50,150.0,140.9611,0.0,0.0,,,0,,,140.9611,50,,"{""g2_T1"": 50}",0,0
fixed_g2_T2,20063,,False,50,150.0,299.9727,0.0,0.0,,,0,,,299.9727,50,,"{""g2_T2"": 50}",0,0
fixed_g2_T3,20063,,False,50,150.0,2379.1168000000007,0.0,0.0,,,0,,,2379.1168000000007,50,,"{""g2_T3"": 50}",0,0
fixed_g5_T1,20063,,True,27,27.0,206.16709999999998,0.0,0.0,,,0,,,206.16709999999998,27,,"{""g5_T1"": 27}",0,0
fixed_g5_T2,20063,,True,27,27.0,345.5355,0.0,0.0,,,0,,,345.5355,27,,"{""g5_T2"": 27}",0,0
fixed_g5_T3,20063,,True,28,28.0,10086.8475,0.0,0.0,,,0,,,10086.8475,28,,"{""g5_T3"": 28}",0,0
fixed_g10_T1,20063,,True,31,31.0,843.1338,0.0,0.0,,,0,,,843.1338,31,,"{""g10_T1"": 31}",0,0
fixed_g10_T2,20063,,True,28,28.0,1187.042,0.0,0.0,,,0,,,1187.042,28,,"{""g10_T2"": 28}",0,0
fixed_g10_T3,20063,,True,28,28.0,14374.052300000001,0.0,0.0,,,0,,,14374.052300000001,28,,"{""g10_T3"": 28}",0,0
fixed_g20_T1,20063,,True,27,27.0,5532.438600000001,0.0,0.0,,,0,,,5532.438600000001,27,,"{""g20_T1"": 27}",0,0
fixed_g20_T2,20063,,True,28,28.0,7127.0091,0.0,0.0,,,0,,,7127.0091,28,,"{""g20_T2"": 28}",0,0
fixed_g20_T3,20063,,True,28,28.0,8296.7889,0.0,0.0,,,0,,,8296.7889,28,,"{""g20_T3"": 28}",0,0
adaptive,20064,"[14, 14]",True,32,32.0,905.7493999999999,24.885400000000004,0.11629999999999999,672.14,930.7511,4,"{'g2_T1': 1, 'g5_T2': 2, 'g10_T1': 18, 'g10_T2': 11}","[""g2_T1"", ""g10_T1"", ""g10_T1"", ""g10_T1"", ""g10_T1"", ""g10_T1"", ""g10_T1"", ""g10_T1"", ""g10_T1"", ""g10_T1"", ""g10_T1"", ""g10_T1"", ""g10_T1"", ""g10_T1"", ""g10_T1"", ""g10_T1"", ""g10_T1"", ""g10_T1"", ""g10_T1"", ""g10_T2"", ""g10_T2"", ""g10_T2"", ""g10_T2"", ""g10_T2"", ""g10_T2"", ""g10_T2"", ""g10_T2"", ""g10_T2"", ""g10_T2"", ""g5_T2"", ""g5_T2"", ""g10_T2""]",930.7511,32,31,"{""g10_T1"": 18, ""g10_T2"": 11, ""g2_T1"": 1, ""g5_T2"": 2}",,
fixed_g2_T1,20064,,False,50,162.5,136.90289999999996,0.0,0.0,,,0,,,136.90289999999996,50,,"{""g2_T1"": 50}",0,25
fixed_g2_T2,20064,,False,50,162.5,301.50999999999993,0.0,0.0,,,0,,,301.50999999999993,50,,"{""g2_T2"": 50}",0,25
fixed_g2_T3,20064,,False,50,150.0,2384.1268,0.0,0.0,,,0,,,2384.1268,50,,"{""g2_T3"": 50}",0,0
fixed_g5_T1,20064,,True,30,30.0,224.66500000000002,0.0,0.0,,,0,,,224.66500000000002,30,,"{""g5_T1"": 30}",0,0
fixed_g5_T2,20064,,True,30,30.0,428.6022999999999,0.0,0.0,,,0,,,428.6022999999999,30,,"{""g5_T2"": 30}",0,0
fixed_g5_T3,20064,,True,30,30.0,10830.264500000001,0.0,0.0,,,0,,,10830.264500000001,30,,"{""g5_T3"": 30}",0,0
fixed_g10_T1,20064,,True,35,40.0,910.3973999999998,0.0,0.0,,,0,,,910.3973999999998,35,,"{""g10_T1"": 35}",1,0
fixed_g10_T2,20064,,True,35,40.0,1509.0893000000003,0.0,0.0,,,0,,,1509.0893000000003,35,,"{""g10_T2"": 35}",1,0
fixed_g10_T3,20064,,True,34,39.0,17863.8861,0.0,0.0,,,0,,,17863.8861,34,,"{""g10_T3"": 34}",1,0
fixed_g20_T1,20064,,True,47,47.0,9458.659900000002,0.0,0.0,,,0,,,9458.659900000002,47,,"{""g20_T1"": 47}",0,0
fixed_g20_T2,20064,,True,46,46.0,11517.513599999997,0.0,0.0,,,0,,,11517.513599999997,46,,"{""g20_T2"": 46}",0,0
fixed_g20_T3,20064,,True,34,34.0,9694.601000000002,0.0,0.0,,,0,,,9694.601000000002,34,,"{""g20_T3"": 34}",0,0
adaptive,20065,"[15, 13]",True,38,43.0,1219.5132,29.89579999999999,0.25770000000000004,671.0701,1249.6667000000002,10,"{'g2_T1': 1, 'g5_T2': 8, 'g10_T1': 3, 'g10_T2': 26}","[""g2_T1"", ""g10_T2"", ""g10_T2"", ""g10_T2"", ""g10_T2"", ""g10_T2"", ""g10_T2"", ""g10_T2"", ""g10_T2"", ""g10_T2"", ""g5_T2"", ""g5_T2"", ""g5_T2"", ""g5_T2"", ""g5_T2"", ""g5_T2"", ""g10_T2"", ""g10_T2"", ""g10_T2"", ""g10_T2"", ""g10_T2"", ""g10_T2"", ""g10_T2"", ""g10_T2"", ""g10_T2"", ""g10_T2"", ""g10_T1"", ""g10_T1"", ""g10_T2"", ""g10_T1"", ""g10_T2"", ""g10_T2"", ""g10_T2"", ""g10_T2"", ""g5_T2"", ""g10_T2"", ""g10_T2"", ""g5_T2""]",1249.6667000000002,38,37,"{""g10_T1"": 3, ""g10_T2"": 26, ""g2_T1"": 1, ""g5_T2"": 8}",,
fixed_g2_T1,20065,,False,50,161.0,136.22390000000001,0.0,0.0,,,0,,,136.22390000000001,50,,"{""g2_T1"": 50}",0,22
fixed_g2_T2,20065,,False,50,150.0,301.1204,0.0,0.0,,,0,,,301.1204,50,,"{""g2_T2"": 50}",0,0
fixed_g2_T3,20065,,False,50,150.0,2383.9981999999995,0.0,0.0,,,0,,,2383.9981999999995,50,,"{""g2_T3"": 50}",0,0
fixed_g5_T1,20065,,True,38,38.0,288.72550000000007,0.0,0.0,,,0,,,288.72550000000007,38,,"{""g5_T1"": 38}",0,0
fixed_g5_T2,20065,,True,38,38.0,534.9426000000001,0.0,0.0,,,0,,,534.9426000000001,38,,"{""g5_T2"": 38}",0,0
fixed_g5_T3,20065,,True,38,38.0,13712.1675,0.0,0.0,,,0,,,13712.1675,38,,"{""g5_T3"": 38}",0,0
fixed_g10_T1,20065,,True,35,40.0,925.6365000000001,0.0,0.0,,,0,,,925.6365000000001,35,,"{""g10_T1"": 35}",1,0
fixed_g10_T2,20065,,True,34,34.0,1381.1244000000004,0.0,0.0,,,0,,,1381.1244000000004,34,,"{""g10_T2"": 34}",0,0
fixed_g10_T3,20065,,True,34,34.0,17720.942400000004,0.0,0.0,,,0,,,17720.942400000004,34,,"{""g10_T3"": 34}",0,0
fixed_g20_T1,20065,,True,41,41.0,8398.028400000001,0.0,0.0,,,0,,,8398.028400000001,41,,"{""g20_T1"": 41}",0,0
fixed_g20_T2,20065,,True,39,39.0,9722.7282,0.0,0.0,,,0,,,9722.7282,39,,"{""g20_T2"": 39}",0,0
fixed_g20_T3,20065,,True,35,35.0,10028.696999999998,0.0,0.0,,,0,,,10028.696999999998,35,,"{""g20_T3"": 35}",0,0
adaptive,20066,"[14, 12]",True,15,20.0,434.48960000000005,11.4076,0.2367,735.8481,446.13390000000004,7,"{'g2_T1': 1, 'g2_T2': 3, 'g10_T1': 1, 'g10_T2': 10}","[""g2_T1"", ""g10_T1"", ""g2_T2"", ""g10_T2"", ""g10_T2"", ""g2_T2"", ""g10_T2"", ""g10_T2"", ""g10_T2"", ""g10_T2"", ""g10_T2"", ""g10_T2"", ""g2_T2"", ""g10_T2"", ""g10_T2""]",446.13390000000004,15,14,"{""g10_T1"": 1, ""g10_T2"": 10, ""g2_T1"": 1, ""g2_T2"": 3}",,
fixed_g2_T1,20066,,False,50,171.5,140.07940000000002,0.0,0.0,,,0,,,140.07940000000002,50,,"{""g2_T1"": 50}",1,33
fixed_g2_T2,20066,,False,50,155.0,302.68559999999997,0.0,0.0,,,0,,,302.68559999999997,50,,"{""g2_T2"": 50}",1,0
fixed_g2_T3,20066,,False,50,155.0,2394.0344999999998,0.0,0.0,,,0,,,2394.0344999999998,50,,"{""g2_T3"": 50}",1,0
fixed_g5_T1,20066,,False,50,160.0,380.8197000000001,0.0,0.0,,,0,,,380.8197000000001,50,,"{""g5_T1"": 50}",2,0
fixed_g5_T2,20066,,False,50,160.0,678.1754,0.0,0.0,,,0,,,678.1754,50,,"{""g5_T2"": 50}",2,0
fixed_g5_T3,20066,,False,50,155.0,18027.515499999998,0.0,0.0,,,0,,,18027.515499999998,50,,"{""g5_T3"": 50}",1,0
fixed_g10_T1,20066,,True,9,14.0,231.80290000000002,0.0,0.0,,,0,,,231.80290000000002,9,,"{""g10_T1"": 9}",1,0
fixed_g10_T2,20066,,True,9,14.0,344.7715,0.0,0.0,,,0,,,344.7715,9,,"{""g10_T2"": 9}",1,0
fixed_g10_T3,20066,,True,21,31.0,10861.751499999998,0.0,0.0,,,0,,,10861.751499999998,21,,"{""g10_T3"": 21}",2,0
fixed_g20_T1,20066,,True,9,14.0,1822.5629000000001,0.0,0.0,,,0,,,1822.5629000000001,9,,"{""g20_T1"": 9}",1,0
fixed_g20_T2,20066,,True,36,41.0,9076.180100000001,0.0,0.0,,,0,,,9076.180100000001,36,,"{""g20_T2"": 36}",1,0
fixed_g20_T3,20066,,True,36,41.0,10154.492799999998,0.0,0.0,,,0,,,10154.492799999998,36,,"{""g20_T3"": 36}",1,0
adaptive,20067,"[19, 15]",False,50,155.0,1097.7329000000002,37.7629,1.1695,671.9656,1136.6653000000001,35,"{'g2_T1': 1, 'g2_T2': 15, 'g5_T2': 10, 'g10_T1': 5, 'g10_T2': 19}","[""g2_T1"", ""g5_T2"", ""g5_T2"", ""g5_T2"", ""g5_T2"", ""g5_T2"", ""g5_T2"", ""g5_T2"", ""g5_T2"", ""g5_T2"", ""g5_T2"", ""g10_T1"", ""g2_T2"", ""g10_T1"", ""g2_T2"", ""g10_T2"", ""g2_T2"", ""g10_T2"", ""g2_T2"", ""g10_T2"", ""g2_T2"", ""g10_T2"", ""g2_T2"", ""g10_T2"", ""g2_T2"", ""g10_T2"", ""g2_T2"", ""g10_T2"", ""g2_T2"", ""g10_T2"", ""g2_T2"", ""g10_T2"", ""g2_T2"", ""g10_T2"", ""g2_T2"", ""g10_T2"", ""g2_T2"", ""g10_T2"", ""g2_T2"", ""g10_T2"", ""g2_T2"", ""g10_T2"", ""g10_T2"", ""g10_T2"", ""g10_T2"", ""g10_T2"", ""g10_T1"", ""g10_T2"", ""g10_T1"", ""g10_T1""]",1136.6653000000001,50,49,"{""g10_T1"": 5, ""g10_T2"": 19, ""g2_T1"": 1, ""g2_T2"": 15, ""g5_T2"": 10}",,
fixed_g2_T1,20067,,False,50,165.5,136.6515,0.0,0.0,,,0,,,136.6515,50,,"{""g2_T1"": 50}",1,21
fixed_g2_T2,20067,,False,50,165.5,328.8025999999999,0.0,0.0,,,0,,,328.8025999999999,50,,"{""g2_T2"": 50}",1,21
fixed_g2_T3,20067,,True,44,49.0,2212.0739,0.0,0.0,,,0,,,2212.0739,44,,"{""g2_T3"": 44}",1,0
fixed_g5_T1,20067,,False,50,155.0,375.71049999999997,0.0,0.0,,,0,,,375.71049999999997,50,,"{""g5_T1"": 50}",1,0
fixed_g5_T2,20067,,False,50,155.0,710.6784999999999,0.0,0.0,,,0,,,710.6784999999999,50,,"{""g5_T2"": 50}",1,0
fixed_g5_T3,20067,,True,49,59.0,17655.776199999993,0.0,0.0,,,0,,,17655.776199999993,49,,"{""g5_T3"": 49}",2,0
fixed_g10_T1,20067,,False,50,155.0,1319.3947,0.0,0.0,,,0,,,1319.3947,50,,"{""g10_T1"": 50}",1,0
fixed_g10_T2,20067,,False,50,155.0,2180.8843999999995,0.0,0.0,,,0,,,2180.8843999999995,50,,"{""g10_T2"": 50}",1,0
fixed_g10_T3,20067,,False,50,155.0,25913.9664,0.0,0.0,,,0,,,25913.9664,50,,"{""g10_T3"": 50}",1,0
fixed_g20_T1,20067,,False,50,150.0,10492.354599999999,0.0,0.0,,,0,,,10492.354599999999,50,,"{""g20_T1"": 50}",0,0
fixed_g20_T2,20067,,False,50,150.0,12622.433799999999,0.0,0.0,,,0,,,12622.433799999999,50,,"{""g20_T2"": 50}",0,0
fixed_g20_T3,20067,,False,50,150.0,14042.597599999997,0.0,0.0,,,0,,,14042.597599999997,50,,"{""g20_T3"": 50}",0,0
adaptive,20068,"[11, 2]",True,2,2.0,66.0956,0.7469,0.033,666.7729,66.8755,1,"{'g2_T1': 1, 'g10_T2': 1}","[""g2_T1"", ""g10_T2""]",66.8755,2,1,"{""g10_T2"": 1, ""g2_T1"": 1}",,
fixed_g2_T1,20068,,False,50,161.0,137.64309999999998,0.0,0.0,,,0,,,137.64309999999998,50,,"{""g2_T1"": 50}",0,22
fixed_g2_T2,20068,,False,50,161.0,313.9059,0.0,0.0,,,0,,,313.9059,50,,"{""g2_T2"": 50}",0,22
fixed_g2_T3,20068,,False,50,153.5,2382.1548,0.0,0.0,,,0,,,2382.1548,50,,"{""g2_T3"": 50}",0,7
fixed_g5_T1,20068,,True,1,1.0,7.6518999999999995,0.0,0.0,,,0,,,7.6518999999999995,1,,"{""g5_T1"": 1}",0,0
fixed_g5_T2,20068,,True,1,1.0,23.621199999999998,0.0,0.0,,,0,,,23.621199999999998,1,,"{""g5_T2"": 1}",0,0
fixed_g5_T3,20068,,True,1,1.0,358.8861,0.0,0.0,,,0,,,358.8861,1,,"{""g5_T3"": 1}",0,0
fixed_g10_T1,20068,,True,1,1.0,25.762199999999996,0.0,0.0,,,0,,,25.762199999999996,1,,"{""g10_T1"": 1}",0,0
fixed_g10_T2,20068,,True,1,1.0,59.4101,0.0,0.0,,,0,,,59.4101,1,,"{""g10_T2"": 1}",0,0
fixed_g10_T3,20068,,True,1,1.0,475.6542,0.0,0.0,,,0,,,475.6542,1,,"{""g10_T3"": 1}",0,0
fixed_g20_T1,20068,,True,1,1.0,194.8387,0.0,0.0,,,0,,,194.8387,1,,"{""g20_T1"": 1}",0,0
fixed_g20_T2,20068,,True,1,1.0,227.0753,0.0,0.0,,,0,,,227.0753,1,,"{""g20_T2"": 1}",0,0
fixed_g20_T3,20068,,True,1,1.0,278.8162,0.0,0.0,,,0,,,278.8162,1,,"{""g20_T3"": 1}",0,0
adaptive,20069,"[12, 12]",True,11,11.0,270.5345,7.929,0.18069999999999997,732.9121,278.64419999999996,6,"{'g2_T1': 2, 'g2_T2': 3, 'g10_T1': 1, 'g10_T2': 5}","[""g2_T1"", ""g10_T2"", ""g10_T2"", ""g2_T2"", ""g2_T2"", ""g2_T2"", ""g10_T2"", ""g10_T2"", ""g10_T1"", ""g2_T1"", ""g10_T2""]",278.64419999999996,11,10,"{""g10_T1"": 1, ""g10_T2"": 5, ""g2_T1"": 2, ""g2_T2"": 3}",,
fixed_g2_T1,20069,,False,50,150.0,143.21399999999997,0.0,0.0,,,0,,,143.21399999999997,50,,"{""g2_T1"": 50}",0,0
fixed_g2_T2,20069,,False,50,150.0,301.8414,0.0,0.0,,,0,,,301.8414,50,,"{""g2_T2"": 50}",0,0
fixed_g2_T3,20069,,False,50,150.0,2381.995,0.0,0.0,,,0,,,2381.995,50,,"{""g2_T3"": 50}",0,0
fixed_g5_T1,20069,,True,34,44.0,254.88400000000004,0.0,0.0,,,0,,,254.88400000000004,34,,"{""g5_T1"": 34}",2,0
fixed_g5_T2,20069,,True,12,12.0,171.7837,0.0,0.0,,,0,,,171.7837,12,,"{""g5_T2"": 12}",0,0
fixed_g5_T3,20069,,True,12,12.0,4339.1611,0.0,0.0,,,0,,,4339.1611,12,,"{""g5_T3"": 12}",0,0
fixed_g10_T1,20069,,True,23,23.0,595.9363999999999,0.0,0.0,,,0,,,595.9363999999999,23,,"{""g10_T1"": 23}",0,0
fixed_g10_T2,20069,,True,8,8.0,370.0306,0.0,0.0,,,0,,,370.0306,8,,"{""g10_T2"": 8}",0,0
fixed_g10_T3,20069,,True,8,8.0,4067.9999,0.0,0.0,,,0,,,4067.9999,8,,"{""g10_T3"": 8}",0,0
fixed_g20_T1,20069,,True,28,33.0,5837.319099999999,0.0,0.0,,,0,,,5837.319099999999,28,,"{""g20_T1"": 28}",1,0
fixed_g20_T2,20069,,True,8,8.0,2065.2749000000003,0.0,0.0,,,0,,,2065.2749000000003,8,,"{""g20_T2"": 8}",0,0
fixed_g20_T3,20069,,True,8,8.0,2254.284,0.0,0.0,,,0,,,2254.284,8,,"{""g20_T3"": 8}",0,0
adaptive,20070,"[19, 17]",True,36,36.0,525.7566,25.79629999999999,0.06720000000000001,668.2606,551.6201,2,"{'g2_T1': 1, 'g5_T2': 28, 'g10_T1': 7}","[""g2_T1"", ""g10_T1"", ""g10_T1"", ""g10_T1"", ""g10_T1"", ""g10_T1"", ""g10_T1"", ""g10_T1"", ""g5_T2"", ""g5_T2"", ""g5_T2"", ""g5_T2"", ""g5_T2"", ""g5_T2"", ""g5_T2"", ""g5_T2"", ""g5_T2"", ""g5_T2"", ""g5_T2"", ""g5_T2"", ""g5_T2"", ""g5_T2"", ""g5_T2"", ""g5_T2"", ""g5_T2"", ""g5_T2"", ""g5_T2"", ""g5_T2"", ""g5_T2"", ""g5_T2"", ""g5_T2"", ""g5_T2"", ""g5_T2"", ""g5_T2"", ""g5_T2"", ""g5_T2""]",551.6201,36,35,"{""g10_T1"": 7, ""g2_T1"": 1, ""g5_T2"": 28}",,
fixed_g2_T1,20070,,False,50,168.0,134.66299999999998,0.0,0.0,,,0,,,134.66299999999998,50,,"{""g2_T1"": 50}",0,36
fixed_g2_T2,20070,,False,50,158.0,301.1942,0.0,0.0,,,0,,,301.1942,50,,"{""g2_T2"": 50}",0,16
fixed_g2_T3,20070,,False,50,150.0,2386.2321,0.0,0.0,,,0,,,2386.2321,50,,"{""g2_T3"": 50}",0,0
fixed_g5_T1,20070,,False,50,150.0,378.8503999999999,0.0,0.0,,,0,,,378.8503999999999,50,,"{""g5_T1"": 50}",0,0
fixed_g5_T2,20070,,True,47,47.0,658.5654000000001,0.0,0.0,,,0,,,658.5654000000001,47,,"{""g5_T2"": 47}",0,0
fixed_g5_T3,20070,,True,29,29.0,10444.329899999999,0.0,0.0,,,0,,,10444.329899999999,29,,"{""g5_T3"": 29}",0,0
fixed_g10_T1,20070,,True,37,37.0,954.6607000000001,0.0,0.0,,,0,,,954.6607000000001,37,,"{""g10_T1"": 37}",0,0
fixed_g10_T2,20070,,True,37,37.0,1517.8874999999998,0.0,0.0,,,0,,,1517.8874999999998,37,,"{""g10_T2"": 37}",0,0
fixed_g10_T3,20070,,False,50,150.0,25760.3247,0.0,0.0,,,0,,,25760.3247,50,,"{""g10_T3"": 50}",0,0
fixed_g20_T1,20070,,True,37,37.0,7691.193299999999,0.0,0.0,,,0,,,7691.193299999999,37,,"{""g20_T1"": 37}",0,0
fixed_g20_T2,20070,,False,50,150.0,12424.6216,0.0,0.0,,,0,,,12424.6216,50,,"{""g20_T2"": 50}",0,0
fixed_g20_T3,20070,,False,50,150.0,14228.956599999998,0.0,0.0,,,0,,,14228.956599999998,50,,"{""g20_T3"": 50}",0,0
adaptive,20071,"[12, 12]",True,24,24.0,680.6329000000001,17.7185,0.2947,734.1024,698.6461,9,"{'g2_T1': 1, 'g2_T2': 5, 'g2_T3': 2, 'g5_T2': 2, 'g10_T1': 1, 'g10_T2': 13}","[""g2_T1"", ""g2_T2"", ""g10_T1"", ""g2_T2"", ""g2_T2"", ""g2_T2"", ""g2_T2"", ""g10_T2"", ""g10_T2"", ""g10_T2"", ""g10_T2"", ""g10_T2"", ""g10_T2"", ""g10_T2"", ""g10_T2"", ""g10_T2"", ""g10_T2"", ""g10_T2"", ""g2_T3"", ""g10_T2"", ""g5_T2"", ""g5_T2"", ""g2_T3"", ""g10_T2""]",698.6461,24,23,"{""g10_T1"": 1, ""g10_T2"": 13, ""g2_T1"": 1, ""g2_T2"": 5, ""g2_T3"": 2, ""g5_T2"": 2}",,
fixed_g2_T1,20071,,False,50,159.0,135.4639,0.0,0.0,,,0,,,135.4639,50,,"{""g2_T1"": 50}",0,18
fixed_g2_T2,20071,,False,50,150.0,302.74300000000005,0.0,0.0,,,0,,,302.74300000000005,50,,"{""g2_T2"": 50}",0,0
fixed_g2_T3,20071,,False,50,150.0,2386.8322999999996,0.0,0.0,,,0,,,2386.8322999999996,50,,"{""g2_T3"": 50}",0,0
fixed_g5_T1,20071,,True,20,20.0,150.95630000000003,0.0,0.0,,,0,,,150.95630000000003,20,,"{""g5_T1"": 20}",0,0
fixed_g5_T2,20071,,True,20,20.0,312.29359999999997,0.0,0.0,,,0,,,312.29359999999997,20,,"{""g5_T2"": 20}",0,0
fixed_g5_T3,20071,,True,15,15.0,5422.4504,0.0,0.0,,,0,,,5422.4504,15,,"{""g5_T3"": 15}",0,0
fixed_g10_T1,20071,,True,20,20.0,529.0533,0.0,0.0,,,0,,,529.0533,20,,"{""g10_T1"": 20}",0,0
fixed_g10_T2,20071,,True,16,16.0,700.8223999999999,0.0,0.0,,,0,,,700.8223999999999,16,,"{""g10_T2"": 16}",0,0
fixed_g10_T3,20071,,True,16,16.0,8454.120200000001,0.0,0.0,,,0,,,8454.120200000001,16,,"{""g10_T3"": 16}",0,0
fixed_g20_T1,20071,,True,20,20.0,4146.1179999999995,0.0,0.0,,,0,,,4146.1179999999995,20,,"{""g20_T1"": 20}",0,0
fixed_g20_T2,20071,,True,21,21.0,5481.2851,0.0,0.0,,,0,,,5481.2851,21,,"{""g20_T2"": 21}",0,0
fixed_g20_T3,20071,,True,15,15.0,4249.362700000001,0.0,0.0,,,0,,,4249.362700000001,15,,"{""g20_T3"": 15}",0,0
adaptive,20072,"[13, 15]",True,27,27.0,822.7526999999999,21.3711,0.2709,676.9695,844.3946999999998,9,"{'g2_T1': 1, 'g2_T2': 3, 'g10_T1': 13, 'g10_T2': 10}","[""g2_T1"", ""g10_T2"", ""g10_T2"", ""g10_T2"", ""g10_T2"", ""g2_T2"", ""g10_T1"", ""g10_T1"", ""g10_T1"", ""g10_T1"", ""g10_T1"", ""g10_T1"", ""g10_T1"", ""g10_T1"", ""g10_T1"", ""g2_T2"", ""g10_T2"", ""g2_T2"", ""g10_T2"", ""g10_T2"", ""g10_T2"", ""g10_T1"", ""g10_T1"", ""g10_T1"", ""g10_T1"", ""g10_T2"", ""g10_T2""]",844.3946999999998,27,26,"{""g10_T1"": 13, ""g10_T2"": 10, ""g2_T1"": 1, ""g2_T2"": 3}",,
fixed_g2_T1,20072,,False,50,165.0,136.65439999999998,0.0,0.0,,,0,,,136.65439999999998,50,,"{""g2_T1"": 50}",0,30
fixed_g2_T2,20072,,False,50,150.0,302.9609,0.0,0.0,,,0,,,302.9609,50,,"{""g2_T2"": 50}",0,0
fixed_g2_T3,20072,,False,50,150.0,2387.4249999999997,0.0,0.0,,,0,,,2387.4249999999997,50,,"{""g2_T3"": 50}",0,0
fixed_g5_T1,20072,,True,25,25.0,189.22620000000003,0.0,0.0,,,0,,,189.22620000000003,25,,"{""g5_T1"": 25}",0,0
fixed_g5_T2,20072,,True,25,25.0,398.75669999999997,0.0,0.0,,,0,,,398.75669999999997,25,,"{""g5_T2"": 25}",0,0
fixed_g5_T3,20072,,True,25,25.0,9018.814999999999,0.0,0.0,,,0,,,9018.814999999999,25,,"{""g5_T3"": 25}",0,0
fixed_g10_T1,20072,,True,27,27.0,706.6144999999999,0.0,0.0,,,0,,,706.6144999999999,27,,"{""g10_T1"": 27}",0,0
fixed_g10_T2,20072,,True,26,31.0,1075.711,0.0,0.0,,,0,,,1075.711,26,,"{""g10_T2"": 26}",1,0
fixed_g10_T3,20072,,True,24,24.0,12615.6881,0.0,0.0,,,0,,,12615.6881,24,,"{""g10_T3"": 24}",0,0
fixed_g20_T1,20072,,True,31,36.0,6278.264400000001,0.0,0.0,,,0,,,6278.264400000001,31,,"{""g20_T1"": 31}",1,0
fixed_g20_T2,20072,,True,27,27.0,6794.6183,0.0,0.0,,,0,,,6794.6183,27,,"{""g20_T2"": 27}",0,0
fixed_g20_T3,20072,,True,26,31.0,7555.026699999999,0.0,0.0,,,0,,,7555.026699999999,26,,"{""g20_T3"": 26}",1,0
adaptive,20073,"[15, 10]",True,25,30.0,436.2168,17.602,0.27790000000000004,737.0626,454.09669999999994,9,"{'g2_T1': 2, 'g2_T2': 4, 'g5_T2': 10, 'g10_T1': 6, 'g10_T2': 3}","[""g2_T1"", ""g10_T1"", ""g2_T2"", ""g10_T1"", ""g2_T2"", ""g2_T2"", ""g2_T2"", ""g5_T2"", ""g5_T2"", ""g5_T2"", ""g5_T2"", ""g5_T2"", ""g5_T2"", ""g5_T2"", ""g5_T2"", ""g5_T2"", ""g5_T2"", ""g10_T2"", ""g10_T2"", ""g10_T1"", ""g10_T1"", ""g10_T1"", ""g10_T1"", ""g10_T2"", ""g2_T1""]",454.09669999999994,25,24,"{""g10_T1"": 6, ""g10_T2"": 3, ""g2_T1"": 2, ""g2_T2"": 4, ""g5_T2"": 10}",,
fixed_g2_T1,20073,,False,50,158.5,137.09819999999996,0.0,0.0,,,0,,,137.09819999999996,50,,"{""g2_T1"": 50}",0,17
fixed_g2_T2,20073,,False,50,150.0,302.05429999999996,0.0,0.0,,,0,,,302.05429999999996,50,,"{""g2_T2"": 50}",0,0
fixed_g2_T3,20073,,False,50,155.0,2383.3838,0.0,0.0,,,0,,,2383.3838,50,,"{""g2_T3"": 50}",1,0
fixed_g5_T1,20073,,True,28,28.0,210.80169999999998,0.0,0.0,,,0,,,210.80169999999998,28,,"{""g5_T1"": 28}",0,0
fixed_g5_T2,20073,,True,28,28.0,407.0587999999999,0.0,0.0,,,0,,,407.0587999999999,28,,"{""g5_T2"": 28}",0,0
fixed_g5_T3,20073,,True,27,27.0,9782.2856,0.0,0.0,,,0,,,9782.2856,27,,"{""g5_T3"": 27}",0,0
fixed_g10_T1,20073,,True,41,46.0,1059.0402,0.0,0.0,,,0,,,1059.0402,41,,"{""g10_T1"": 41}",1,0
fixed_g10_T2,20073,,True,38,38.0,1677.2237,0.0,0.0,,,0,,,1677.2237,38,,"{""g10_T2"": 38}",0,0
fixed_g10_T3,20073,,True,30,30.0,15655.8703,0.0,0.0,,,0,,,15655.8703,30,,"{""g10_T3"": 30}",0,0
fixed_g20_T1,20073,,True,41,41.0,8551.749,0.0,0.0,,,0,,,8551.749,41,,"{""g20_T1"": 41}",0,0
fixed_g20_T2,20073,,True,32,32.0,8013.161799999999,0.0,0.0,,,0,,,8013.161799999999,32,,"{""g20_T2"": 32}",0,0
fixed_g20_T3,20073,,True,33,33.0,9462.5182,0.0,0.0,,,0,,,9462.5182,33,,"{""g20_T3"": 33}",0,0
adaptive,20074,"[17, 5]",True,36,36.0,732.9580999999998,26.188299999999995,0.34769999999999995,731.0638,759.4940999999999,11,"{'g2_T1': 1, 'g2_T2': 13, 'g5_T2': 3, 'g10_T1': 12, 'g10_T2': 7}","[""g2_T1"", ""g10_T2"", ""g10_T2"", ""g10_T2"", ""g2_T2"", ""g5_T2"", ""g2_T2"", ""g2_T2"", ""g10_T2"", ""g10_T2"", ""g2_T2"", ""g2_T2"", ""g2_T2"", ""g2_T2"", ""g10_T2"", ""g10_T2"", ""g10_T1"", ""g10_T1"", ""g10_T1"", ""g10_T1"", ""g10_T1"", ""g10_T1"", ""g10_T1"", ""g10_T1"", ""g10_T1"", ""g2_T2"", ""g2_T2"", ""g2_T2"", ""g2_T2"", ""g2_T2"", ""g2_T2"", ""g10_T1"", ""g10_T1"", ""g10_T1"", ""g5_T2"", ""g5_T2""]",759.4940999999999,36,35,"{""g10_T1"": 12, ""g10_T2"": 7, ""g2_T1"": 1, ""g2_T2"": 13, ""g5_T2"": 3}",,
fixed_g2_T1,20074,,False,50,150.0,136.4262,0.0,0.0,,,0,,,136.4262,50,,"{""g2_T1"": 50}",0,0
fixed_g2_T2,20074,,False,50,150.0,302.26039999999995,0.0,0.0,,,0,,,302.26039999999995,50,,"{""g2_T2"": 50}",0,0
fixed_g2_T3,20074,,False,50,150.0,2392.9599000000003,0.0,0.0,,,0,,,2392.9599000000003,50,,"{""g2_T3"": 50}",0,0
fixed_g5_T1,20074,,False,50,150.0,375.50519999999995,0.0,0.0,,,0,,,375.50519999999995,50,,"{""g5_T1"": 50}",0,0
fixed_g5_T2,20074,,False,50,155.0,658.5387,0.0,0.0,,,0,,,658.5387,50,,"{""g5_T2"": 50}",1,0
fixed_g5_T3,20074,,False,50,155.0,18010.8543,0.0,0.0,,,0,,,18010.8543,50,,"{""g5_T3"": 50}",1,0
fixed_g10_T1,20074,,False,50,150.0,1381.4099,0.0,0.0,,,0,,,1381.4099,50,,"{""g10_T1"": 50}",0,0
fixed_g10_T2,20074,,True,41,41.0,1599.4393000000002,0.0,0.0,,,0,,,1599.4393000000002,41,,"{""g10_T2"": 41}",0,0
fixed_g10_T3,20074,,True,41,41.0,21499.6582,0.0,0.0,,,0,,,21499.6582,41,,"{""g10_T3"": 41}",0,0
fixed_g20_T1,20074,,True,33,33.0,6785.8356,0.0,0.0,,,0,,,6785.8356,33,,"{""g20_T1"": 33}",0,0
fixed_g20_T2,20074,,False,50,150.0,12760.029099999998,0.0,0.0,,,0,,,12760.029099999998,50,,"{""g20_T2"": 50}",0,0
fixed_g20_T3,20074,,False,50,150.0,14377.5805,0.0,0.0,,,0,,,14377.5805,50,,"{""g20_T3"": 50}",0,0
adaptive,20075,"[15, 9]",False,50,155.0,1553.4859999999996,37.4029,0.4514,671.7664,1591.3402999999996,14,"{'g2_T1': 3, 'g2_T2': 4, 'g5_T2': 7, 'g10_T1': 15, 'g10_T2': 20, 'g20_T2': 1}","[""g2_T1"", ""g10_T1"", ""g10_T1"", ""g10_T1"", ""g2_T2"", ""g5_T2"", ""g2_T2"", ""g10_T1"", ""g2_T2"", ""g5_T2"", ""g2_T2"", ""g10_T2"", ""g10_T2"", ""g10_T2"", ""g10_T2"", ""g10_T2"", ""g10_T2"", ""g10_T2"", ""g10_T2"", ""g10_T2"", ""g10_T2"", ""g10_T2"", ""g10_T2"", ""g10_T2"", ""g10_T2"", ""g10_T2"", ""g10_T2"", ""g10_T2"", ""g10_T2"", ""g10_T2"", ""g2_T1"", ""g2_T1"", ""g10_T1"", ""g10_T1"", ""g10_T1"", ""g10_T1"", ""g10_T1"", ""g10_T1"", ""g10_T1"", ""g10_T1"", ""g10_T1"", ""g10_T1"", ""g10_T1"", ""g5_T2"", ""g5_T2"", ""g5_T2"", ""g5_T2"", ""g5_T2"", ""g10_T2"", ""g20_T2""]",1591.3402999999996,50,49,"{""g10_T1"": 15, ""g10_T2"": 20, ""g20_T2"": 1, ""g2_T1"": 3, ""g2_T2"": 4, ""g5_T2"": 7}",,
fixed_g2_T1,20075,,False,50,169.0,136.851,0.0,0.0,,,0,,,136.851,50,,"{""g2_T1"": 50}",0,38
fixed_g2_T2,20075,,False,50,159.0,300.19300000000004,0.0,0.0,,,0,,,300.19300000000004,50,,"{""g2_T2"": 50}",0,18
fixed_g2_T3,20075,,False,50,150.0,2380.6049999999996,0.0,0.0,,,0,,,2380.6049999999996,50,,"{""g2_T3"": 50}",0,0
fixed_g5_T1,20075,,False,50,155.0,374.1664999999999,0.0,0.0,,,0,,,374.1664999999999,50,,"{""g5_T1"": 50}",1,0
fixed_g5_T2,20075,,False,50,150.0,678.5778,0.0,0.0,,,0,,,678.5778,50,,"{""g5_T2"": 50}",0,0
fixed_g5_T3,20075,,False,50,150.0,18008.9777,0.0,0.0,,,0,,,18008.9777,50,,"{""g5_T3"": 50}",0,0
fixed_g10_T1,20075,,False,50,150.0,1291.5378,0.0,0.0,,,0,,,1291.5378,50,,"{""g10_T1"": 50}",0,0
fixed_g10_T2,20075,,False,50,155.0,2041.5574000000004,0.0,0.0,,,0,,,2041.5574000000004,50,,"{""g10_T2"": 50}",1,0
fixed_g10_T3,20075,,False,50,150.0,26143.372699999996,0.0,0.0,,,0,,,26143.372699999996,50,,"{""g10_T3"": 50}",0,0
fixed_g20_T1,20075,,False,50,155.0,10096.508200000002,0.0,0.0,,,0,,,10096.508200000002,50,,"{""g20_T1"": 50}",1,0
fixed_g20_T2,20075,,True,34,34.0,8531.164099999998,0.0,0.0,,,0,,,8531.164099999998,34,,"{""g20_T2"": 34}",0,0
fixed_g20_T3,20075,,True,34,34.0,9553.690400000003,0.0,0.0,,,0,,,9553.690400000003,34,,"{""g20_T3"": 34}",0,0
adaptive,20076,"[10, 10]",True,20,20.0,354.3722,14.278599999999997,0.22249999999999998,738.9873,368.87330000000003,8,"{'g2_T1': 1, 'g2_T2': 5, 'g5_T2': 6, 'g10_T1': 4, 'g10_T2': 4}","[""g2_T1"", ""g10_T1"", ""g10_T2"", ""g10_T2"", ""g10_T1"", ""g10_T1"", ""g2_T2"", ""g10_T1"", ""g2_T2"", ""g2_T2"", ""g2_T2"", ""g2_T2"", ""g5_T2"", ""g5_T2"", ""g5_T2"", ""g5_T2"", ""g5_T2"", ""g5_T2"", ""g10_T2"", ""g10_T2""]",368.87330000000003,20,19,"{""g10_T1"": 4, ""g10_T2"": 4, ""g2_T1"": 1, ""g2_T2"": 5, ""g5_T2"": 6}",,
fixed_g2_T1,20076,,False,50,155.0,143.6464,0.0,0.0,,,0,,,143.6464,50,,"{""g2_T1"": 50}",1,0
fixed_g2_T2,20076,,False,50,155.0,306.1638000000001,0.0,0.0,,,0,,,306.1638000000001,50,,"{""g2_T2"": 50}",1,0
fixed_g2_T3,20076,,False,50,155.0,2397.352500000001,0.0,0.0,,,0,,,2397.352500000001,50,,"{""g2_T3"": 50}",1,0
fixed_g5_T1,20076,,True,20,20.0,150.2079,0.0,0.0,,,0,,,150.2079,20,,"{""g5_T1"": 20}",0,0
fixed_g5_T2,20076,,True,20,20.0,261.5267,0.0,0.0,,,0,,,261.5267,20,,"{""g5_T2"": 20}",0,0
fixed_g5_T3,20076,,True,20,20.0,7218.543100000001,0.0,0.0,,,0,,,7218.543100000001,20,,"{""g5_T3"": 20}",0,0
fixed_g10_T1,20076,,True,20,20.0,515.9066,0.0,0.0,,,0,,,515.9066,20,,"{""g10_T1"": 20}",0,0
fixed_g10_T2,20076,,True,20,20.0,818.4375999999999,0.0,0.0,,,0,,,818.4375999999999,20,,"{""g10_T2"": 20}",0,0
fixed_g10_T3,20076,,True,20,20.0,10707.1871,0.0,0.0,,,0,,,10707.1871,20,,"{""g10_T3"": 20}",0,0
fixed_g20_T1,20076,,True,22,22.0,4571.348000000001,0.0,0.0,,,0,,,4571.348000000001,22,,"{""g20_T1"": 22}",0,0
fixed_g20_T2,20076,,True,23,23.0,5889.2904,0.0,0.0,,,0,,,5889.2904,23,,"{""g20_T2"": 23}",0,0
fixed_g20_T3,20076,,True,23,23.0,6568.930300000002,0.0,0.0,,,0,,,6568.930300000002,23,,"{""g20_T3"": 23}",0,0
adaptive,20077,"[15, 8]",False,50,155.0,802.9655999999999,36.8293,0.31610000000000005,674.9985,840.1109999999999,10,"{'g2_T1': 3, 'g2_T2': 4, 'g5_T1': 4, 'g5_T2': 25, 'g10_T1': 8, 'g10_T2': 6}","[""g2_T1"", ""g2_T1"", ""g10_T1"", ""g10_T1"", ""g2_T2"", ""g10_T2"", ""g10_T2"", ""g2_T2"", ""g2_T2"", ""g2_T2"", ""g10_T1"", ""g10_T1"", ""g10_T1"", ""g10_T1"", ""g10_T1"", ""g10_T1"", ""g5_T1"", ""g5_T1"", ""g5_T1"", ""g5_T1"", ""g5_T2"", ""g5_T2"", ""g5_T2"", ""g5_T2"", ""g5_T2"", ""g5_T2"", ""g5_T2"", ""g5_T2"", ""g5_T2"", ""g5_T2"", ""g5_T2"", ""g5_T2"", ""g5_T2"", ""g5_T2"", ""g5_T2"", ""g5_T2"", ""g5_T2"", ""g5_T2"", ""g5_T2"", ""g5_T2"", ""g5_T2"", ""g5_T2"", ""g5_T2"", ""g5_T2"", ""g5_T2"", ""g10_T2"", ""g10_T2"", ""g10_T2"", ""g2_T1"", ""g10_T2""]",840.1109999999999,50,49,"{""g10_T1"": 8, ""g10_T2"": 6, ""g2_T1"": 3, ""g2_T2"": 4, ""g5_T1"": 4, ""g5_T2"": 25}",,
fixed_g2_T1,20077,,False,50,150.0,139.18879999999996,0.0,0.0,,,0,,,139.18879999999996,50,,"{""g2_T1"": 50}",0,0
fixed_g2_T2,20077,,False,50,150.0,304.12289999999996,0.0,0.0,,,0,,,304.12289999999996,50,,"{""g2_T2"": 50}",0,0
fixed_g2_T3,20077,,False,50,150.0,2385.5644,0.0,0.0,,,0,,,2385.5644,50,,"{""g2_T3"": 50}",0,0
fixed_g5_T1,20077,,False,50,155.0,374.24549999999994,0.0,0.0,,,0,,,374.24549999999994,50,,"{""g5_T1"": 50}",1,0
fixed_g5_T2,20077,,False,50,150.0,730.5443000000001,0.0,0.0,,,0,,,730.5443000000001,50,,"{""g5_T2"": 50}",0,0
fixed_g5_T3,20077,,True,35,40.0,12629.3301,0.0,0.0,,,0,,,12629.3301,35,,"{""g5_T3"": 35}",1,0
fixed_g10_T1,20077,,True,45,45.0,1204.7535000000003,0.0,0.0,,,0,,,1204.7535000000003,45,,"{""g10_T1"": 45}",0,0
fixed_g10_T2,20077,,True,43,43.0,1670.2884999999999,0.0,0.0,,,0,,,1670.2884999999999,43,,"{""g10_T2"": 43}",0,0
fixed_g10_T3,20077,,False,50,155.0,25980.479400000007,0.0,0.0,,,0,,,25980.479400000007,50,,"{""g10_T3"": 50}",1,0
fixed_g20_T1,20077,,True,46,51.0,9344.5316,0.0,0.0,,,0,,,9344.5316,46,,"{""g20_T1"": 46}",1,0
fixed_g20_T2,20077,,True,26,26.0,6577.353899999998,0.0,0.0,,,0,,,6577.353899999998,26,,"{""g20_T2"": 26}",0,0
fixed_g20_T3,20077,,True,26,26.0,7308.8240000000005,0.0,0.0,,,0,,,7308.8240000000005,26,,"{""g20_T3"": 26}",0,0
adaptive,20078,"[18, 2]",True,30,30.0,755.7477000000001,22.986199999999997,0.32439999999999997,735.1032,779.0583000000001,10,"{'g2_T1': 2, 'g2_T2': 1, 'g5_T2': 9, 'g10_T1': 7, 'g10_T2': 11}","[""g2_T1"", ""g5_T2"", ""g5_T2"", ""g10_T2"", ""g10_T2"", ""g10_T2"", ""g2_T2"", ""g10_T2"", ""g2_T1"", ""g10_T2"", ""g10_T2"", ""g10_T2"", ""g10_T1"", ""g10_T1"", ""g10_T1"", ""g5_T2"", ""g5_T2"", ""g5_T2"", ""g5_T2"", ""g5_T2"", ""g5_T2"", ""g5_T2"", ""g10_T1"", ""g10_T1"", ""g10_T1"", ""g10_T1"", ""g10_T2"", ""g10_T2"", ""g10_T2"", ""g10_T2""]",779.0583000000001,30,29,"{""g10_T1"": 7, ""g10_T2"": 11, ""g2_T1"": 2, ""g2_T2"": 1, ""g5_T2"": 9}",,
fixed_g2_T1,20078,,False,50,150.0,136.12520000000004,0.0,0.0,,,0,,,136.12520000000004,50,,"{""g2_T1"": 50}",0,0
fixed_g2_T2,20078,,False,50,150.0,302.68379999999996,0.0,0.0,,,0,,,302.68379999999996,50,,"{""g2_T2"": 50}",0,0
fixed_g2_T3,20078,,False,50,150.0,2382.102599999999,0.0,0.0,,,0,,,2382.102599999999,50,,"{""g2_T3"": 50}",0,0
fixed_g5_T1,20078,,True,33,33.0,248.9407,0.0,0.0,,,0,,,248.9407,33,,"{""g5_T1"": 33}",0,0
fixed_g5_T2,20078,,True,33,33.0,460.7185999999999,0.0,0.0,,,0,,,460.7185999999999,33,,"{""g5_T2"": 33}",0,0
fixed_g5_T3,20078,,True,28,28.0,10098.946099999997,0.0,0.0,,,0,,,10098.946099999997,28,,"{""g5_T3"": 28}",0,0
fixed_g10_T1,20078,,True,33,33.0,862.9034000000004,0.0,0.0,,,0,,,862.9034000000004,33,,"{""g10_T1"": 33}",0,0
fixed_g10_T2,20078,,True,30,30.0,1170.2036999999998,0.0,0.0,,,0,,,1170.2036999999998,30,,"{""g10_T2"": 30}",0,0
fixed_g10_T3,20078,,True,29,29.0,15279.3487,0.0,0.0,,,0,,,15279.3487,29,,"{""g10_T3"": 29}",0,0
fixed_g20_T1,20078,,True,30,30.0,6109.9177,0.0,0.0,,,0,,,6109.9177,30,,"{""g20_T1"": 30}",0,0
fixed_g20_T2,20078,,True,28,28.0,7064.940599999999,0.0,0.0,,,0,,,7064.940599999999,28,,"{""g20_T2"": 28}",0,0
fixed_g20_T3,20078,,True,28,28.0,7768.2593,0.0,0.0,,,0,,,7768.2593,28,,"{""g20_T3"": 28}",0,0
adaptive,20079,"[11, 14]",True,24,24.0,494.0898000000001,18.7127,0.43800000000000006,806.0704,513.2405000000001,12,"{'g2_T1': 1, 'g2_T2': 6, 'g5_T2': 2, 'g10_T1': 10, 'g10_T2': 5}","[""g2_T1"", ""g10_T1"", ""g10_T1"", ""g10_T1"", ""g10_T1"", ""g10_T1"", ""g10_T1"", ""g10_T1"", ""g10_T1"", ""g2_T2"", ""g2_T2"", ""g10_T1"", ""g2_T2"", ""g10_T1"", ""g2_T2"", ""g10_T2"", ""g2_T2"", ""g10_T2"", ""g2_T2"", ""g10_T2"", ""g10_T2"", ""g10_T2"", ""g5_T2"", ""g5_T2""]",513.2405000000001,24,23,"{""g10_T1"": 10, ""g10_T2"": 5, ""g2_T1"": 1, ""g2_T2"": 6, ""g5_T2"": 2}",,
fixed_g2_T1,20079,,False,50,150.0,139.166,0.0,0.0,,,0,,,139.166,50,,"{""g2_T1"": 50}",0,0
fixed_g2_T2,20079,,False,50,150.0,300.8422,0.0,0.0,,,0,,,300.8422,50,,"{""g2_T2"": 50}",0,0
fixed_g2_T3,20079,,False,50,150.0,2383.7295,0.0,0.0,,,0,,,2383.7295,50,,"{""g2_T3"": 50}",0,0
fixed_g5_T1,20079,,True,14,14.0,105.037,0.0,0.0,,,0,,,105.037,14,,"{""g5_T1"": 14}",0,0
fixed_g5_T2,20079,,True,14,14.0,215.97069999999997,0.0,0.0,,,0,,,215.97069999999997,14,,"{""g5_T2"": 14}",0,0
fixed_g5_T3,20079,,True,14,14.0,5042.2570000000005,0.0,0.0,,,0,,,5042.2570000000005,14,,"{""g5_T3"": 14}",0,0
fixed_g10_T1,20079,,False,50,150.0,1346.1012000000003,0.0,0.0,,,0,,,1346.1012000000003,50,,"{""g10_T1"": 50}",0,0
fixed_g10_T2,20079,,True,14,14.0,576.0046,0.0,0.0,,,0,,,576.0046,14,,"{""g10_T2"": 14}",0,0
fixed_g10_T3,20079,,True,14,14.0,7314.7038,0.0,0.0,,,0,,,7314.7038,14,,"{""g10_T3"": 14}",0,0
fixed_g20_T1,20079,,True,14,14.0,2929.5729,0.0,0.0,,,0,,,2929.5729,14,,"{""g20_T1"": 14}",0,0
fixed_g20_T2,20079,,True,14,14.0,3511.4237000000003,0.0,0.0,,,0,,,3511.4237000000003,14,,"{""g20_T2"": 14}",0,0
fixed_g20_T3,20079,,True,14,14.0,4094.9079999999994,0.0,0.0,,,0,,,4094.9079999999994,14,,"{""g20_T3"": 14}",0,0
adaptive,20080,"[15, 14]",True,19,19.0,256.9226,12.1275,0.0766,803.7838,269.12669999999997,3,"{'g2_T1': 1, 'g2_T2': 4, 'g5_T2': 12, 'g10_T2': 2}","[""g2_T1"", ""g2_T2"", ""g2_T2"", ""g2_T2"", ""g2_T2"", ""g5_T2"", ""g5_T2"", ""g5_T2"", ""g5_T2"", ""g5_T2"", ""g5_T2"", ""g5_T2"", ""g5_T2"", ""g5_T2"", ""g5_T2"", ""g5_T2"", ""g5_T2"", ""g10_T2"", ""g10_T2""]",269.12669999999997,19,18,"{""g10_T2"": 2, ""g2_T1"": 1, ""g2_T2"": 4, ""g5_T2"": 12}",,
fixed_g2_T1,20080,,False,50,150.0,142.4625,0.0,0.0,,,0,,,142.4625,50,,"{""g2_T1"": 50}",0,0
fixed_g2_T2,20080,,False,50,150.0,300.35380000000004,0.0,0.0,,,0,,,300.35380000000004,50,,"{""g2_T2"": 50}",0,0
fixed_g2_T3,20080,,True,19,19.0,907.1258000000001,0.0,0.0,,,0,,,907.1258000000001,19,,"{""g2_T3"": 19}",0,0
fixed_g5_T1,20080,,True,19,19.0,145.74190000000002,0.0,0.0,,,0,,,145.74190000000002,19,,"{""g5_T1"": 19}",0,0
fixed_g5_T2,20080,,True,19,19.0,311.5956,0.0,0.0,,,0,,,311.5956,19,,"{""g5_T2"": 19}",0,0
fixed_g5_T3,20080,,True,19,19.0,6840.601100000001,0.0,0.0,,,0,,,6840.601100000001,19,,"{""g5_T3"": 19}",0,0
fixed_g10_T1,20080,,True,21,21.0,538.7962,0.0,0.0,,,0,,,538.7962,21,,"{""g10_T1"": 21}",0,0
fixed_g10_T2,20080,,True,21,21.0,860.53,0.0,0.0,,,0,,,860.53,21,,"{""g10_T2"": 21}",0,0
fixed_g10_T3,20080,,True,19,19.0,9961.8516,0.0,0.0,,,0,,,9961.8516,19,,"{""g10_T3"": 19}",0,0
fixed_g20_T1,20080,,True,19,19.0,3902.7252999999996,0.0,0.0,,,0,,,3902.7252999999996,19,,"{""g20_T1"": 19}",0,0
fixed_g20_T2,20080,,True,23,23.0,5757.865699999999,0.0,0.0,,,0,,,5757.865699999999,23,,"{""g20_T2"": 23}",0,0
fixed_g20_T3,20080,,True,22,27.0,6094.6194,0.0,0.0,,,0,,,6094.6194,22,,"{""g20_T3"": 22}",1,0
adaptive,20081,"[11, 3]",True,18,33.0,367.5464,12.6708,0.2792,733.03,380.4964,9,"{'g2_T1': 1, 'g2_T2': 3, 'g5_T2': 6, 'g10_T1': 4, 'g10_T2': 4}","[""g2_T1"", ""g10_T1"", ""g10_T1"", ""g10_T1"", ""g2_T2"", ""g2_T2"", ""g2_T2"", ""g5_T2"", ""g5_T2"", ""g5_T2"", ""g5_T2"", ""g10_T2"", ""g10_T2"", ""g10_T1"", ""g10_T2"", ""g5_T2"", ""g10_T2"", ""g5_T2""]",380.4964,18,17,"{""g10_T1"": 4, ""g10_T2"": 4, ""g2_T1"": 1, ""g2_T2"": 3, ""g5_T2"": 6}",,
fixed_g2_T1,20081,,False,50,150.0,141.11339999999993,0.0,0.0,,,0,,,141.11339999999993,50,,"{""g2_T1"": 50}",0,0
fixed_g2_T2,20081,,False,50,150.0,299.98620000000005,0.0,0.0,,,0,,,299.98620000000005,50,,"{""g2_T2"": 50}",0,0
fixed_g2_T3,20081,,False,50,150.0,2383.9846999999995,0.0,0.0,,,0,,,2383.9846999999995,50,,"{""g2_T3"": 50}",0,0
fixed_g5_T1,20081,,False,50,150.0,376.1622999999998,0.0,0.0,,,0,,,376.1622999999998,50,,"{""g5_T1"": 50}",0,0
fixed_g5_T2,20081,,True,8,8.0,121.88359999999999,0.0,0.0,,,0,,,121.88359999999999,8,,"{""g5_T2"": 8}",0,0
fixed_g5_T3,20081,,True,9,9.0,3240.3625,0.0,0.0,,,0,,,3240.3625,9,,"{""g5_T3"": 9}",0,0
fixed_g10_T1,20081,,True,11,11.0,286.3278,0.0,0.0,,,0,,,286.3278,11,,"{""g10_T1"": 11}",0,0
fixed_g10_T2,20081,,True,11,11.0,514.4119000000001,0.0,0.0,,,0,,,514.4119000000001,11,,"{""g10_T2"": 11}",0,0
fixed_g10_T3,20081,,True,11,11.0,5706.3351999999995,0.0,0.0,,,0,,,5706.3351999999995,11,,"{""g10_T3"": 11}",0,0
fixed_g20_T1,20081,,True,36,36.0,7458.198800000002,0.0,0.0,,,0,,,7458.198800000002,36,,"{""g20_T1"": 36}",0,0
fixed_g20_T2,20081,,True,11,11.0,2754.4672,0.0,0.0,,,0,,,2754.4672,11,,"{""g20_T2"": 11}",0,0
fixed_g20_T3,20081,,True,11,11.0,3145.8475,0.0,0.0,,,0,,,3145.8475,11,,"{""g20_T3"": 11}",0,0
adaptive,20082,"[12, 0]",True,43,43.0,547.1905,29.3478,0.14759999999999998,731.4196,576.6859000000001,5,"{'g2_T1': 1, 'g2_T2': 3, 'g5_T1': 21, 'g5_T2': 13, 'g10_T2': 5}","[""g2_T1"", ""g10_T2"", ""g2_T2"", ""g2_T2"", ""g2_T2"", ""g10_T2"", ""g10_T2"", ""g10_T2"", ""g10_T2"", ""g5_T2"", ""g5_T2"", ""g5_T2"", ""g5_T2"", ""g5_T2"", ""g5_T2"", ""g5_T2"", ""g5_T2"", ""g5_T2"", ""g5_T2"", ""g5_T2"", ""g5_T2"", ""g5_T2"", ""g5_T1"", ""g5_T1"", ""g5_T1"", ""g5_T1"", ""g5_T1"", ""g5_T1"", ""g5_T1"", ""g5_T1"", ""g5_T1"", ""g5_T1"", ""g5_T1"", ""g5_T1"", ""g5_T1"", ""g5_T1"", ""g5_T1"", ""g5_T1"", ""g5_T1"", ""g5_T1"", ""g5_T1"", ""g5_T1"", ""g5_T1""]",576.6859000000001,43,42,"{""g10_T2"": 5, ""g2_T1"": 1, ""g2_T2"": 3, ""g5_T1"": 21, ""g5_T2"": 13}",,
fixed_g2_T1,20082,,False,50,152.0,133.903,0.0,0.0,,,0,,,133.903,50,,"{""g2_T1"": 50}",0,4
fixed_g2_T2,20082,,False,50,158.0,303.28720000000004,0.0,0.0,,,0,,,303.28720000000004,50,,"{""g2_T2"": 50}",0,16
fixed_g2_T3,20082,,False,50,150.0,2387.1738999999993,0.0,0.0,,,0,,,2387.1738999999993,50,,"{""g2_T3"": 50}",0,0
fixed_g5_T1,20082,,True,20,20.0,149.69890000000004,0.0,0.0,,,0,,,149.69890000000004,20,,"{""g5_T1"": 20}",0,0
fixed_g5_T2,20082,,True,18,18.0,253.80169999999995,0.0,0.0,,,0,,,253.80169999999995,18,,"{""g5_T2"": 18}",0,0
fixed_g5_T3,20082,,True,44,49.0,15871.4247,0.0,0.0,,,0,,,15871.4247,44,,"{""g5_T3"": 44}",1,0
fixed_g10_T1,20082,,True,17,17.0,443.6266,0.0,0.0,,,0,,,443.6266,17,,"{""g10_T1"": 17}",0,0
fixed_g10_T2,20082,,True,43,43.0,1724.1443000000002,0.0,0.0,,,0,,,1724.1443000000002,43,,"{""g10_T2"": 43}",0,0
fixed_g10_T3,20082,,True,40,40.0,20691.8377,0.0,0.0,,,0,,,20691.8377,40,,"{""g10_T3"": 40}",0,0
fixed_g20_T1,20082,,True,46,46.0,9501.3676,0.0,0.0,,,0,,,9501.3676,46,,"{""g20_T1"": 46}",0,0
fixed_g20_T2,20082,,True,16,16.0,3974.3293000000003,0.0,0.0,,,0,,,3974.3293000000003,16,,"{""g20_T2"": 16}",0,0
fixed_g20_T3,20082,,True,39,39.0,10966.584400000002,0.0,0.0,,,0,,,10966.584400000002,39,,"{""g20_T3"": 39}",0,0
adaptive,20083,"[19, 5]",True,46,51.0,785.9461999999999,33.5116,0.8334999999999999,799.6776,820.2912999999999,24,"{'g2_T1': 1, 'g2_T2': 9, 'g5_T1': 5, 'g5_T2': 14, 'g10_T1': 16, 'g10_T2': 1}","[""g2_T1"", ""g10_T1"", ""g10_T1"", ""g10_T1"", ""g2_T2"", ""g10_T1"", ""g5_T2"", ""g5_T2"", ""g2_T2"", ""g10_T1"", ""g2_T2"", ""g10_T1"", ""g2_T2"", ""g10_T1"", ""g2_T2"", ""g10_T1"", ""g2_T2"", ""g10_T1"", ""g2_T2"", ""g10_T1"", ""g2_T2"", ""g10_T1"", ""g2_T2"", ""g10_T1"", ""g10_T1"", ""g10_T1"", ""g10_T1"", ""g10_T1"", ""g5_T1"", ""g5_T1"", ""g5_T1"", ""g5_T1"", ""g5_T1"", ""g5_T2"", ""g5_T2"", ""g5_T2"", ""g10_T2"", ""g5_T2"", ""g5_T2"", ""g5_T2"", ""g5_T2"", ""g5_T2"", ""g5_T2"", ""g5_T2"", ""g5_T2"", ""g5_T2""]",820.2912999999999,46,45,"{""g10_T1"": 16, ""g10_T2"": 1, ""g2_T1"": 1, ""g2_T2"": 9, ""g5_T1"": 5, ""g5_T2"": 14}",,
fixed_g2_T1,20083,,False,50,150.0,136.45330000000004,0.0,0.0,,,0,,,136.45330000000004,50,,"{""g2_T1"": 50}",0,0
fixed_g2_T2,20083,,False,50,150.0,300.89570000000003,0.0,0.0,,,0,,,300.89570000000003,50,,"{""g2_T2"": 50}",0,0
fixed_g2_T3,20083,,False,50,150.0,2377.6186999999995,0.0,0.0,,,0,,,2377.6186999999995,50,,"{""g2_T3"": 50}",0,0
fixed_g5_T1,20083,,False,50,155.0,375.59099999999995,0.0,0.0,,,0,,,375.59099999999995,50,,"{""g5_T1"": 50}",1,0
fixed_g5_T2,20083,,True,28,33.0,380.6533999999999,0.0,0.0,,,0,,,380.6533999999999,28,,"{""g5_T2"": 28}",1,0
fixed_g5_T3,20083,,True,38,43.0,13684.7328,0.0,0.0,,,0,,,13684.7328,38,,"{""g5_T3"": 38}",1,0
fixed_g10_T1,20083,,True,28,33.0,760.0899999999999,0.0,0.0,,,0,,,760.0899999999999,28,,"{""g10_T1"": 28}",1,0
fixed_g10_T2,20083,,True,28,33.0,1149.6,0.0,0.0,,,0,,,1149.6,28,,"{""g10_T2"": 28}",1,0
fixed_g10_T3,20083,,True,27,27.0,13941.9728,0.0,0.0,,,0,,,13941.9728,27,,"{""g10_T3"": 27}",0,0
fixed_g20_T1,20083,,True,28,33.0,5697.4446,0.0,0.0,,,0,,,5697.4446,28,,"{""g20_T1"": 28}",1,0
fixed_g20_T2,20083,,True,28,33.0,7030.2432,0.0,0.0,,,0,,,7030.2432,28,,"{""g20_T2"": 28}",1,0
fixed_g20_T3,20083,,True,28,33.0,7081.850300000001,0.0,0.0,,,0,,,7081.850300000001,28,,"{""g20_T3"": 28}",1,0
adaptive,20084,"[16, 9]",True,47,47.0,577.1595000000001,35.075300000000006,0.1506,680.705,612.3854000000001,5,"{'g2_T1': 1, 'g2_T2': 1, 'g5_T1': 5, 'g5_T2': 34, 'g10_T1': 6}","[""g2_T1"", ""g10_T1"", ""g10_T1"", ""g10_T1"", ""g10_T1"", ""g2_T2"", ""g10_T1"", ""g10_T1"", ""g5_T1"", ""g5_T1"", ""g5_T1"", ""g5_T1"", ""g5_T1"", ""g5_T2"", ""g5_T2"", ""g5_T2"", ""g5_T2"", ""g5_T2"", ""g5_T2"", ""g5_T2"", ""g5_T2"", ""g5_T2"", ""g5_T2"", ""g5_T2"", ""g5_T2"", ""g5_T2"", ""g5_T2"", ""g5_T2"", ""g5_T2"", ""g5_T2"", ""g5_T2"", ""g5_T2"", ""g5_T2"", ""g5_T2"", ""g5_T2"", ""g5_T2"", ""g5_T2"", ""g5_T2"", ""g5_T2"", ""g5_T2"", ""g5_T2"", ""g5_T2"", ""g5_T2"", ""g5_T2"", ""g5_T2"", ""g5_T2"", ""g5_T2""]",612.3854000000001,47,46,"{""g10_T1"": 6, ""g2_T1"": 1, ""g2_T2"": 1, ""g5_T1"": 5, ""g5_T2"": 34}",,
fixed_g2_T1,20084,,False,50,168.0,138.0752,0.0,0.0,,,0,,,138.0752,50,,"{""g2_T1"": 50}",0,36
fixed_g2_T2,20084,,False,50,155.0,306.17650000000003,0.0,0.0,,,0,,,306.17650000000003,50,,"{""g2_T2"": 50}",1,0
fixed_g2_T3,20084,,False,50,155.0,2404.8029,0.0,0.0,,,0,,,2404.8029,50,,"{""g2_T3"": 50}",1,0
fixed_g5_T1,20084,,False,50,150.0,375.61119999999994,0.0,0.0,,,0,,,375.61119999999994,50,,"{""g5_T1"": 50}",0,0
fixed_g5_T2,20084,,False,50,150.0,678.4114999999999,0.0,0.0,,,0,,,678.4114999999999,50,,"{""g5_T2"": 50}",0,0
fixed_g5_T3,20084,,True,43,53.0,15561.047000000004,0.0,0.0,,,0,,,15561.047000000004,43,,"{""g5_T3"": 43}",2,0
fixed_g10_T1,20084,,True,33,33.0,863.0082999999996,0.0,0.0,,,0,,,863.0082999999996,33,,"{""g10_T1"": 33}",0,0
fixed_g10_T2,20084,,True,31,36.0,1315.9390999999998,0.0,0.0,,,0,,,1315.9390999999998,31,,"{""g10_T2"": 31}",1,0
fixed_g10_T3,20084,,True,43,63.0,22154.7171,0.0,0.0,,,0,,,22154.7171,43,,"{""g10_T3"": 43}",4,0
fixed_g20_T1,20084,,True,33,33.0,6767.8031999999985,0.0,0.0,,,0,,,6767.8031999999985,33,,"{""g20_T1"": 33}",0,0
fixed_g20_T2,20084,,True,38,58.0,9397.7356,0.0,0.0,,,0,,,9397.7356,38,,"{""g20_T2"": 38}",4,0
fixed_g20_T3,20084,,True,37,42.0,10446.3382,0.0,0.0,,,0,,,10446.3382,37,,"{""g20_T3"": 37}",1,0
adaptive,20085,"[17, 5]",True,26,31.0,411.3284,18.190699999999996,0.2762,807.6188,429.7953,9,"{'g2_T1': 1, 'g2_T2': 2, 'g5_T1': 5, 'g5_T2': 11, 'g10_T1': 2, 'g10_T2': 5}","[""g2_T1"", ""g5_T1"", ""g5_T1"", ""g5_T1"", ""g5_T1"", ""g2_T2"", ""g5_T1"", ""g2_T2"", ""g5_T2"", ""g5_T2"", ""g5_T2"", ""g5_T2"", ""g5_T2"", ""g5_T2"", ""g5_T2"", ""g5_T2"", ""g5_T2"", ""g5_T2"", ""g10_T2"", ""g10_T1"", ""g10_T1"", ""g5_T2"", ""g10_T2"", ""g10_T2"", ""g10_T2"", ""g10_T2""]",429.7953,26,25,"{""g10_T1"": 2, ""g10_T2"": 5, ""g2_T1"": 1, ""g2_T2"": 2, ""g5_T1"": 5, ""g5_T2"": 11}",,
fixed_g2_T1,20085,,False,50,150.0,136.86700000000002,0.0,0.0,,,0,,,136.86700000000002,50,,"{""g2_T1"": 50}",0,0
fixed_g2_T2,20085,,False,50,150.0,302.25370000000004,0.0,0.0,,,0,,,302.25370000000004,50,,"{""g2_T2"": 50}",0,0
fixed_g2_T3,20085,,True,31,36.0,1479.2297999999998,0.0,0.0,,,0,,,1479.2297999999998,31,,"{""g2_T3"": 31}",1,0
fixed_g5_T1,20085,,False,50,150.0,378.1543,0.0,0.0,,,0,,,378.1543,50,,"{""g5_T1"": 50}",0,0
fixed_g5_T2,20085,,True,21,21.0,290.3181999999999,0.0,0.0,,,0,,,290.3181999999999,21,,"{""g5_T2"": 21}",0,0
fixed_g5_T3,20085,,True,28,33.0,10093.1271,0.0,0.0,,,0,,,10093.1271,28,,"{""g5_T3"": 28}",1,0
fixed_g10_T1,20085,,True,32,37.0,837.1457999999998,0.0,0.0,,,0,,,837.1457999999998,32,,"{""g10_T1"": 32}",1,0
fixed_g10_T2,20085,,True,32,37.0,1273.7038,0.0,0.0,,,0,,,1273.7038,32,,"{""g10_T2"": 32}",1,0
fixed_g10_T3,20085,,True,32,37.0,16838.7055,0.0,0.0,,,0,,,16838.7055,32,,"{""g10_T3"": 32}",1,0
fixed_g20_T1,20085,,True,40,45.0,8385.616900000003,0.0,0.0,,,0,,,8385.616900000003,40,,"{""g20_T1"": 40}",1,0
fixed_g20_T2,20085,,True,41,46.0,10064.1733,0.0,0.0,,,0,,,10064.1733,41,,"{""g20_T2"": 41}",1,0
fixed_g20_T3,20085,,True,33,38.0,9145.4004,0.0,0.0,,,0,,,9145.4004,33,,"{""g20_T3"": 33}",1,0
adaptive,20086,"[18, 12]",True,27,27.0,718.0413,21.2321,0.2967,733.3574,739.5700999999999,9,"{'g2_T1': 2, 'g2_T2': 4, 'g5_T2': 2, 'g10_T1': 7, 'g10_T2': 12}","[""g2_T1"", ""g10_T2"", ""g10_T2"", ""g10_T2"", ""g10_T2"", ""g10_T2"", ""g10_T2"", ""g10_T2"", ""g2_T2"", ""g2_T2"", ""g2_T2"", ""g2_T2"", ""g10_T2"", ""g2_T1"", ""g10_T2"", ""g10_T2"", ""g10_T1"", ""g10_T1"", ""g10_T1"", ""g10_T1"", ""g10_T1"", ""g10_T1"", ""g10_T1"", ""g5_T2"", ""g10_T2"", ""g10_T2"", ""g5_T2""]",739.5700999999999,27,26,"{""g10_T1"": 7, ""g10_T2"": 12, ""g2_T1"": 2, ""g2_T2"": 4, ""g5_T2"": 2}",,
fixed_g2_T1,20086,,False,50,150.0,137.68740000000003,0.0,0.0,,,0,,,137.68740000000003,50,,"{""g2_T1"": 50}",0,0
fixed_g2_T2,20086,,False,50,150.0,303.2068,0.0,0.0,,,0,,,303.2068,50,,"{""g2_T2"": 50}",0,0
fixed_g2_T3,20086,,True,15,15.0,717.3005,0.0,0.0,,,0,,,717.3005,15,,"{""g2_T3"": 15}",0,0
fixed_g5_T1,20086,,True,48,48.0,367.0722,0.0,0.0,,,0,,,367.0722,48,,"{""g5_T1"": 48}",0,0
fixed_g5_T2,20086,,True,48,53.0,709.1146000000001,0.0,0.0,,,0,,,709.1146000000001,48,,"{""g5_T2"": 48}",1,0
fixed_g5_T3,20086,,True,48,53.0,17310.888800000004,0.0,0.0,,,0,,,17310.888800000004,48,,"{""g5_T3"": 48}",1,0
fixed_g10_T1,20086,,True,48,48.0,1270.4374000000003,0.0,0.0,,,0,,,1270.4374000000003,48,,"{""g10_T1"": 48}",0,0
fixed_g10_T2,20086,,True,45,45.0,1876.9277999999993,0.0,0.0,,,0,,,1876.9277999999993,45,,"{""g10_T2"": 45}",0,0
fixed_g10_T3,20086,,True,45,45.0,23613.790400000005,0.0,0.0,,,0,,,23613.790400000005,45,,"{""g10_T3"": 45}",0,0
fixed_g20_T1,20086,,False,50,150.0,10461.4524,0.0,0.0,,,0,,,10461.4524,50,,"{""g20_T1"": 50}",0,0
fixed_g20_T2,20086,,True,48,48.0,12172.907600000002,0.0,0.0,,,0,,,12172.907600000002,48,,"{""g20_T2"": 48}",0,0
fixed_g20_T3,20086,,True,48,48.0,13613.923999999995,0.0,0.0,,,0,,,13613.923999999995,48,,"{""g20_T3"": 48}",0,0
adaptive,20087,"[11, 2]",True,32,37.5,736.6130999999999,23.893699999999995,0.23159999999999997,734.3696,760.7383999999998,7,"{'g2_T1': 1, 'g5_T1': 5, 'g5_T2': 6, 'g10_T1': 18, 'g10_T2': 2}","[""g2_T1"", ""g10_T2"", ""g5_T2"", ""g5_T2"", ""g5_T2"", ""g5_T2"", ""g5_T2"", ""g5_T2"", ""g10_T1"", ""g10_T1"", ""g10_T1"", ""g10_T1"", ""g10_T1"", ""g10_T1"", ""g10_T1"", ""g10_T1"", ""g10_T1"", ""g10_T1"", ""g10_T1"", ""g10_T1"", ""g10_T1"", ""g10_T1"", ""g10_T1"", ""g10_T1"", ""g10_T1"", ""g5_T1"", ""g5_T1"", ""g10_T1"", ""g5_T1"", ""g5_T1"", ""g5_T1"", ""g10_T2""]",760.7383999999998,32,31,"{""g10_T1"": 18, ""g10_T2"": 2, ""g2_T1"": 1, ""g5_T1"": 5, ""g5_T2"": 6}",,
fixed_g2_T1,20087,,False,50,150.0,138.24540000000002,0.0,0.0,,,0,,,138.24540000000002,50,,"{""g2_T1"": 50}",0,0
fixed_g2_T2,20087,,False,50,150.0,299.45849999999996,0.0,0.0,,,0,,,299.45849999999996,50,,"{""g2_T2"": 50}",0,0
fixed_g2_T3,20087,,False,50,155.0,2382.3388999999997,0.0,0.0,,,0,,,2382.3388999999997,50,,"{""g2_T3"": 50}",1,0
fixed_g5_T1,20087,,True,47,47.0,353.97240000000005,0.0,0.0,,,0,,,353.97240000000005,47,,"{""g5_T1"": 47}",0,0
fixed_g5_T2,20087,,True,31,31.0,445.6758999999999,0.0,0.0,,,0,,,445.6758999999999,31,,"{""g5_T2"": 31}",0,0
fixed_g5_T3,20087,,True,31,31.0,11162.851500000002,0.0,0.0,,,0,,,11162.851500000002,31,,"{""g5_T3"": 31}",0,0
fixed_g10_T1,20087,,True,31,36.0,805.8268999999998,0.0,0.0,,,0,,,805.8268999999998,31,,"{""g10_T1"": 31}",1,0
fixed_g10_T2,20087,,True,35,40.0,1344.2464000000002,0.0,0.0,,,0,,,1344.2464000000002,35,,"{""g10_T2"": 35}",1,0
fixed_g10_T3,20087,,True,35,40.0,18072.8586,0.0,0.0,,,0,,,18072.8586,35,,"{""g10_T3"": 35}",1,0
fixed_g20_T1,20087,,True,28,28.0,5781.774700000001,0.0,0.0,,,0,,,5781.774700000001,28,,"{""g20_T1"": 28}",0,0
fixed_g20_T2,20087,,True,28,28.0,6917.678,0.0,0.0,,,0,,,6917.678,28,,"{""g20_T2"": 28}",0,0
fixed_g20_T3,20087,,True,28,28.0,8043.7048,0.0,0.0,,,0,,,8043.7048,28,,"{""g20_T3"": 28}",0,0
adaptive,20088,"[14, 5]",True,41,46.0,760.5434000000004,28.60159999999999,0.1646,669.1896,789.3096000000003,6,"{'g2_T1': 1, 'g5_T1': 17, 'g10_T1': 19, 'g10_T2': 4}","[""g2_T1"", ""g10_T1"", ""g10_T1"", ""g10_T1"", ""g10_T1"", ""g10_T1"", ""g10_T1"", ""g10_T1"", ""g10_T1"", ""g10_T1"", ""g10_T1"", ""g10_T1"", ""g10_T1"", ""g10_T1"", ""g10_T1"", ""g10_T2"", ""g10_T2"", ""g10_T2"", ""g10_T2"", ""g10_T1"", ""g10_T1"", ""g5_T1"", ""g5_T1"", ""g5_T1"", ""g5_T1"", ""g5_T1"", ""g5_T1"", ""g5_T1"", ""g5_T1"", ""g5_T1"", ""g5_T1"", ""g5_T1"", ""g5_T1"", ""g5_T1"", ""g5_T1"", ""g5_T1"", ""g5_T1"", ""g10_T1"", ""g10_T1"", ""g10_T1"", ""g5_T1""]",789.3096000000003,41,40,"{""g10_T1"": 19, ""g10_T2"": 4, ""g2_T1"": 1, ""g5_T1"": 17}",,
fixed_g2_T1,20088,,False,50,163.5,137.52409999999998,0.0,0.0,,,0,,,137.52409999999998,50,,"{""g2_T1"": 50}",0,27
fixed_g2_T2,20088,,False,50,157.5,303.1595,0.0,0.0,,,0,,,303.1595,50,,"{""g2_T2"": 50}",0,15
fixed_g2_T3,20088,,False,50,150.0,2399.9978999999994,0.0,0.0,,,0,,,2399.9978999999994,50,,"{""g2_T3"": 50}",0,0
fixed_g5_T1,20088,,False,50,155.0,375.59759999999994,0.0,0.0,,,0,,,375.59759999999994,50,,"{""g5_T1"": 50}",1,0
fixed_g5_T2,20088,,False,50,168.0,738.2988999999999,0.0,0.0,,,0,,,738.2988999999999,50,,"{""g5_T2"": 50}",2,16
fixed_g5_T3,20088,,True,49,64.0,17670.110300000008,0.0,0.0,,,0,,,17670.110300000008,49,,"{""g5_T3"": 49}",3,0
fixed_g10_T1,20088,,True,43,53.0,1103.6419000000003,0.0,0.0,,,0,,,1103.6419000000003,43,,"{""g10_T1"": 43}",2,0
fixed_g10_T2,20088,,True,41,46.0,1829.2225000000008,0.0,0.0,,,0,,,1829.2225000000008,41,,"{""g10_T2"": 41}",1,0
fixed_g10_T3,20088,,False,50,170.0,25981.58890000001,0.0,0.0,,,0,,,25981.58890000001,50,,"{""g10_T3"": 50}",4,0
fixed_g20_T1,20088,,True,33,38.0,6892.4734,0.0,0.0,,,0,,,6892.4734,33,,"{""g20_T1"": 33}",1,0
fixed_g20_T2,20088,,True,31,31.0,7869.2402999999995,0.0,0.0,,,0,,,7869.2402999999995,31,,"{""g20_T2"": 31}",0,0
fixed_g20_T3,20088,,True,35,40.0,9771.244899999998,0.0,0.0,,,0,,,9771.244899999998,35,,"{""g20_T3"": 35}",1,0
adaptive,20089,"[16, 3]",True,47,52.0,1345.7313,34.94040000000001,0.22390000000000002,667.5856,1380.8955999999998,10,"{'g2_T1': 1, 'g5_T1': 2, 'g5_T2': 12, 'g10_T1': 9, 'g10_T2': 23}","[""g2_T1"", ""g10_T1"", ""g10_T2"", ""g10_T2"", ""g10_T2"", ""g10_T2"", ""g10_T2"", ""g10_T2"", ""g10_T2"", ""g10_T2"", ""g10_T2"", ""g10_T2"", ""g10_T2"", ""g10_T2"", ""g10_T2"", ""g10_T2"", ""g10_T2"", ""g10_T2"", ""g10_T2"", ""g10_T2"", ""g10_T2"", ""g10_T2"", ""g10_T1"", ""g10_T1"", ""g10_T1"", ""g10_T1"", ""g5_T1"", ""g5_T1"", ""g5_T2"", ""g5_T2"", ""g5_T2"", ""g5_T2"", ""g5_T2"", ""g5_T2"", ""g5_T2"", ""g5_T2"", ""g5_T2"", ""g5_T2"", ""g5_T2"", ""g10_T1"", ""g10_T2"", ""g10_T2"", ""g10_T1"", ""g10_T1"", ""g10_T1"", ""g5_T2"", ""g10_T2""]",1380.8955999999998,47,46,"{""g10_T1"": 9, ""g10_T2"": 23, ""g2_T1"": 1, ""g5_T1"": 2, ""g5_T2"": 12}",,
fixed_g2_T1,20089,,False,50,162.5,135.80349999999999,0.0,0.0,,,0,,,135.80349999999999,50,,"{""g2_T1"": 50}",0,25
fixed_g2_T2,20089,,False,50,150.0,301.82939999999996,0.0,0.0,,,0,,,301.82939999999996,50,,"{""g2_T2"": 50}",0,0
fixed_g2_T3,20089,,False,50,150.0,2393.1458,0.0,0.0,,,0,,,2393.1458,50,,"{""g2_T3"": 50}",0,0
fixed_g5_T1,20089,,False,50,160.0,374.4814,0.0,0.0,,,0,,,374.4814,50,,"{""g5_T1"": 50}",2,0
fixed_g5_T2,20089,,True,48,58.0,725.0152999999999,0.0,0.0,,,0,,,725.0152999999999,48,,"{""g5_T2"": 48}",2,0
fixed_g5_T3,20089,,True,48,58.0,17317.7064,0.0,0.0,,,0,,,17317.7064,48,,"{""g5_T3"": 48}",2,0
fixed_g10_T1,20089,,True,48,53.0,1286.9970000000003,0.0,0.0,,,0,,,1286.9970000000003,48,,"{""g10_T1"": 48}",1,0
fixed_g10_T2,20089,,False,50,155.0,2115.7185999999997,0.0,0.0,,,0,,,2115.7185999999997,50,,"{""g10_T2"": 50}",1,0
fixed_g10_T3,20089,,False,50,155.0,26202.188600000005,0.0,0.0,,,0,,,26202.188600000005,50,,"{""g10_T3"": 50}",1,0
fixed_g20_T1,20089,,True,48,53.0,9783.358200000006,0.0,0.0,,,0,,,9783.358200000006,48,,"{""g20_T1"": 48}",1,0
fixed_g20_T2,20089,,True,43,43.0,10658.3736,0.0,0.0,,,0,,,10658.3736,43,,"{""g20_T2"": 43}",0,0
fixed_g20_T3,20089,,True,43,43.0,12325.831999999995,0.0,0.0,,,0,,,12325.831999999995,43,,"{""g20_T3"": 43}",0,0
adaptive,20090,"[11, 9]",True,17,17.0,338.1726,10.941600000000001,0.064,675.7623,349.1782,2,"{'g2_T1': 1, 'g5_T2': 12, 'g10_T2': 4}","[""g2_T1"", ""g5_T2"", ""g5_T2"", ""g5_T2"", ""g5_T2"", ""g5_T2"", ""g5_T2"", ""g5_T2"", ""g5_T2"", ""g5_T2"", ""g5_T2"", ""g5_T2"", ""g5_T2"", ""g10_T2"", ""g10_T2"", ""g10_T2"", ""g10_T2""]",349.1782,17,16,"{""g10_T2"": 4, ""g2_T1"": 1, ""g5_T2"": 12}",,
fixed_g2_T1,20090,,False,50,164.5,146.541,0.0,0.0,,,0,,,146.541,50,,"{""g2_T1"": 50}",0,29
fixed_g2_T2,20090,,False,50,150.5,306.23620000000005,0.0,0.0,,,0,,,306.23620000000005,50,,"{""g2_T2"": 50}",0,1
fixed_g2_T3,20090,,True,38,38.0,1812.1909999999996,0.0,0.0,,,0,,,1812.1909999999996,38,,"{""g2_T3"": 38}",0,0
fixed_g5_T1,20090,,True,22,22.0,164.8937,0.0,0.0,,,0,,,164.8937,22,,"{""g5_T1"": 22}",0,0
fixed_g5_T2,20090,,True,18,23.0,232.61599999999999,0.0,0.0,,,0,,,232.61599999999999,18,,"{""g5_T2"": 18}",1,0
fixed_g5_T3,20090,,True,18,23.0,6489.300200000001,0.0,0.0,,,0,,,6489.300200000001,18,,"{""g5_T3"": 18}",1,0
fixed_g10_T1,20090,,True,17,17.0,441.72960000000006,0.0,0.0,,,0,,,441.72960000000006,17,,"{""g10_T1"": 17}",0,0
fixed_g10_T2,20090,,True,17,17.0,670.3622,0.0,0.0,,,0,,,670.3622,17,,"{""g10_T2"": 17}",0,0
fixed_g10_T3,20090,,True,15,15.0,7934.992600000001,0.0,0.0,,,0,,,7934.992600000001,15,,"{""g10_T3"": 15}",0,0
fixed_g20_T1,20090,,True,25,25.0,5100.699799999999,0.0,0.0,,,0,,,5100.699799999999,25,,"{""g20_T1"": 25}",0,0
fixed_g20_T2,20090,,True,25,25.0,6281.0486,0.0,0.0,,,0,,,6281.0486,25,,"{""g20_T2"": 25}",0,0
fixed_g20_T3,20090,,True,25,25.0,7110.8265999999985,0.0,0.0,,,0,,,7110.8265999999985,25,,"{""g20_T3"": 25}",0,0
adaptive,20091,"[15, 3]",True,33,33.0,485.3372999999999,23.907200000000003,0.1297,809.1604,509.3741999999999,4,"{'g2_T1': 1, 'g2_T2': 4, 'g5_T2': 24, 'g10_T2': 4}","[""g2_T1"", ""g5_T2"", ""g2_T2"", ""g2_T2"", ""g2_T2"", ""g2_T2"", ""g5_T2"", ""g5_T2"", ""g5_T2"", ""g5_T2"", ""g5_T2"", ""g5_T2"", ""g5_T2"", ""g5_T2"", ""g5_T2"", ""g5_T2"", ""g5_T2"", ""g5_T2"", ""g5_T2"", ""g5_T2"", ""g5_T2"", ""g5_T2"", ""g5_T2"", ""g5_T2"", ""g5_T2"", ""g5_T2"", ""g5_T2"", ""g5_T2"", ""g5_T2"", ""g10_T2"", ""g10_T2"", ""g10_T2"", ""g10_T2""]",509.3741999999999,33,32,"{""g10_T2"": 4, ""g2_T1"": 1, ""g2_T2"": 4, ""g5_T2"": 24}",,
fixed_g2_T1,20091,,False,50,150.0,135.9367,0.0,0.0,,,0,,,135.9367,50,,"{""g2_T1"": 50}",0,0
fixed_g2_T2,20091,,False,50,150.0,302.45889999999997,0.0,0.0,,,0,,,302.45889999999997,50,,"{""g2_T2"": 50}",0,0
fixed_g2_T3,20091,,False,50,150.0,2391.5769999999993,0.0,0.0,,,0,,,2391.5769999999993,50,,"{""g2_T3"": 50}",0,0
fixed_g5_T1,20091,,True,29,34.0,219.3209,0.0,0.0,,,0,,,219.3209,29,,"{""g5_T1"": 29}",1,0
fixed_g5_T2,20091,,True,27,32.0,421.4241999999999,0.0,0.0,,,0,,,421.4241999999999,27,,"{""g5_T2"": 27}",1,0
fixed_g5_T3,20091,,True,27,32.0,9752.822199999999,0.0,0.0,,,0,,,9752.822199999999,27,,"{""g5_T3"": 27}",1,0
fixed_g10_T1,20091,,True,32,42.0,854.9272,0.0,0.0,,,0,,,854.9272,32,,"{""g10_T1"": 32}",2,0
fixed_g10_T2,20091,,True,31,36.0,1264.0033000000003,0.0,0.0,,,0,,,1264.0033000000003,31,,"{""g10_T2"": 31}",1,0
fixed_g10_T3,20091,,True,28,38.0,14714.765300000001,0.0,0.0,,,0,,,14714.765300000001,28,,"{""g10_T3"": 28}",2,0
fixed_g20_T1,20091,,True,26,36.0,5241.7098,0.0,0.0,,,0,,,5241.7098,26,,"{""g20_T1"": 26}",2,0
fixed_g20_T2,20091,,True,26,36.0,6676.035,0.0,0.0,,,0,,,6676.035,26,,"{""g20_T2"": 26}",2,0
fixed_g20_T3,20091,,True,22,22.0,6592.8815,0.0,0.0,,,0,,,6592.8815,22,,"{""g20_T3"": 22}",0,0
adaptive,20092,"[12, 6]",True,20,20.0,299.8253,14.826499999999998,0.20420000000000002,813.8957,314.85600000000005,5,"{'g2_T1': 1, 'g2_T2': 6, 'g5_T2': 9, 'g10_T2': 4}","[""g2_T1"", ""g10_T2"", ""g10_T2"", ""g10_T2"", ""g10_T2"", ""g2_T2"", ""g5_T2"", ""g2_T2"", ""g2_T2"", ""g2_T2"", ""g2_T2"", ""g2_T2"", ""g5_T2"", ""g5_T2"", ""g5_T2"", ""g5_T2"", ""g5_T2"", ""g5_T2"", ""g5_T2"", ""g5_T2""]",314.85600000000005,20,19,"{""g10_T2"": 4, ""g2_T1"": 1, ""g2_T2"": 6, ""g5_T2"": 9}",,
fixed_g2_T1,20092,,False,50,150.0,141.60620000000006,0.0,0.0,,,0,,,141.60620000000006,50,,"{""g2_T1"": 50}",0,0
fixed_g2_T2,20092,,False,50,150.0,299.0672999999999,0.0,0.0,,,0,,,299.0672999999999,50,,"{""g2_T2"": 50}",0,0
fixed_g2_T3,20092,,False,50,150.0,2386.5525,0.0,0.0,,,0,,,2386.5525,50,,"{""g2_T3"": 50}",0,0
fixed_g5_T1,20092,,True,17,17.0,128.7376,0.0,0.0,,,0,,,128.7376,17,,"{""g5_T1"": 17}",0,0
fixed_g5_T2,20092,,True,18,18.0,269.96000000000004,0.0,0.0,,,0,,,269.96000000000004,18,,"{""g5_T2"": 18}",0,0
fixed_g5_T3,20092,,True,18,18.0,6486.163499999999,0.0,0.0,,,0,,,6486.163499999999,18,,"{""g5_T3"": 18}",0,0
fixed_g10_T1,20092,,True,18,18.0,496.5856,0.0,0.0,,,0,,,496.5856,18,,"{""g10_T1"": 18}",0,0
fixed_g10_T2,20092,,True,18,18.0,718.9321,0.0,0.0,,,0,,,718.9321,18,,"{""g10_T2"": 18}",0,0
fixed_g10_T3,20092,,True,18,18.0,9291.203200000002,0.0,0.0,,,0,,,9291.203200000002,18,,"{""g10_T3"": 18}",0,0
fixed_g20_T1,20092,,True,17,17.0,3417.7394999999997,0.0,0.0,,,0,,,3417.7394999999997,17,,"{""g20_T1"": 17}",0,0
fixed_g20_T2,20092,,True,17,17.0,4283.847,0.0,0.0,,,0,,,4283.847,17,,"{""g20_T2"": 17}",0,0
fixed_g20_T3,20092,,True,18,18.0,4987.204000000001,0.0,0.0,,,0,,,4987.204000000001,18,,"{""g20_T3"": 18}",0,0
adaptive,20093,"[12, 0]",False,50,155.0,1101.1073,34.30140000000001,0.0903,670.2188,1135.499,4,"{'g2_T1': 1, 'g5_T1': 2, 'g5_T2': 32, 'g10_T1': 1, 'g10_T2': 14}","[""g2_T1"", ""g10_T1"", ""g10_T2"", ""g10_T2"", ""g10_T2"", ""g10_T2"", ""g10_T2"", ""g10_T2"", ""g10_T2"", ""g10_T2"", ""g10_T2"", ""g10_T2"", ""g10_T2"", ""g10_T2"", ""g10_T2"", ""g10_T2"", ""g5_T1"", ""g5_T1"", ""g5_T2"", ""g5_T2"", ""g5_T2"", ""g5_T2"", ""g5_T2"", ""g5_T2"", ""g5_T2"", ""g5_T2"", ""g5_T2"", ""g5_T2"", ""g5_T2"", ""g5_T2"", ""g5_T2"", ""g5_T2"", ""g5_T2"", ""g5_T2"", ""g5_T2"", ""g5_T2"", ""g5_T2"", ""g5_T2"", ""g5_T2"", ""g5_T2"", ""g5_T2"", ""g5_T2"", ""g5_T2"", ""g5_T2"", ""g5_T2"", ""g5_T2"", ""g5_T2"", ""g5_T2"", ""g5_T2"", ""g5_T2""]",1135.499,50,49,"{""g10_T1"": 1, ""g10_T2"": 14, ""g2_T1"": 1, ""g5_T1"": 2, ""g5_T2"": 32}",,
fixed_g2_T1,20093,,False,50,159.5,137.03189999999998,0.0,0.0,,,0,,,137.03189999999998,50,,"{""g2_T1"": 50}",0,19
fixed_g2_T2,20093,,False,50,150.0,300.2441,0.0,0.0,,,0,,,300.2441,50,,"{""g2_T2"": 50}",0,0
fixed_g2_T3,20093,,False,50,150.0,2382.7162,0.0,0.0,,,0,,,2382.7162,50,,"{""g2_T3"": 50}",0,0
fixed_g5_T1,20093,,False,50,150.0,374.0044000000001,0.0,0.0,,,0,,,374.0044000000001,50,,"{""g5_T1"": 50}",0,0
fixed_g5_T2,20093,,False,50,155.0,714.2837999999998,0.0,0.0,,,0,,,714.2837999999998,50,,"{""g5_T2"": 50}",1,0
fixed_g5_T3,20093,,False,50,155.0,18061.135,0.0,0.0,,,0,,,18061.135,50,,"{""g5_T3"": 50}",1,0
fixed_g10_T1,20093,,False,50,150.0,1323.7299000000003,0.0,0.0,,,0,,,1323.7299000000003,50,,"{""g10_T1"": 50}",0,0
fixed_g10_T2,20093,,False,50,155.0,2024.3854999999992,0.0,0.0,,,0,,,2024.3854999999992,50,,"{""g10_T2"": 50}",1,0
fixed_g10_T3,20093,,False,50,155.0,25756.916900000004,0.0,0.0,,,0,,,25756.916900000004,50,,"{""g10_T3"": 50}",1,0
fixed_g20_T1,20093,,False,50,150.0,10242.680699999997,0.0,0.0,,,0,,,10242.680699999997,50,,"{""g20_T1"": 50}",0,0
fixed_g20_T2,20093,,False,50,150.0,12383.133299999996,0.0,0.0,,,0,,,12383.133299999996,50,,"{""g20_T2"": 50}",0,0
fixed_g20_T3,20093,,True,48,53.0,13515.051299999997,0.0,0.0,,,0,,,13515.051299999997,48,,"{""g20_T3"": 48}",1,0
adaptive,20094,"[16, 13]",True,23,28.0,473.1603,17.2473,0.19080000000000003,806.1312,490.5984,6,"{'g2_T1': 1, 'g2_T2': 7, 'g5_T2': 7, 'g10_T1': 1, 'g10_T2': 7}","[""g2_T1"", ""g2_T2"", ""g2_T2"", ""g2_T2"", ""g2_T2"", ""g2_T2"", ""g2_T2"", ""g10_T2"", ""g10_T2"", ""g10_T2"", ""g10_T2"", ""g10_T2"", ""g2_T2"", ""g10_T1"", ""g5_T2"", ""g5_T2"", ""g5_T2"", ""g5_T2"", ""g5_T2"", ""g5_T2"", ""g5_T2"", ""g10_T2"", ""g10_T2""]",490.5984,23,22,"{""g10_T1"": 1, ""g10_T2"": 7, ""g2_T1"": 1, ""g2_T2"": 7, ""g5_T2"": 7}",,
fixed_g2_T1,20094,,True,26,31.0,71.0989,0.0,0.0,,,0,,,71.0989,26,,"{""g2_T1"": 26}",1,0
fixed_g2_T2,20094,,True,25,30.0,151.2062,0.0,0.0,,,0,,,151.2062,25,,"{""g2_T2"": 25}",1,0
fixed_g2_T3,20094,,True,24,29.0,1143.0279,0.0,0.0,,,0,,,1143.0279,24,,"{""g2_T3"": 24}",1,0
fixed_g5_T1,20094,,True,19,29.0,142.80339999999998,0.0,0.0,,,0,,,142.80339999999998,19,,"{""g5_T1"": 19}",2,0
fixed_g5_T2,20094,,False,50,165.0,677.6916999999999,0.0,0.0,,,0,,,677.6916999999999,50,,"{""g5_T2"": 50}",3,0
fixed_g5_T3,20094,,False,50,171.5,18018.548399999996,0.0,0.0,,,0,,,18018.548399999996,50,,"{""g5_T3"": 50}",3,13
fixed_g10_T1,20094,,True,23,33.0,605.059,0.0,0.0,,,0,,,605.059,23,,"{""g10_T1"": 23}",2,0
fixed_g10_T2,20094,,True,22,37.0,917.1256000000001,0.0,0.0,,,0,,,917.1256000000001,22,,"{""g10_T2"": 22}",3,0
fixed_g10_T3,20094,,True,22,37.0,11381.8951,0.0,0.0,,,0,,,11381.8951,22,,"{""g10_T3"": 22}",3,0
fixed_g20_T1,20094,,True,23,33.0,4724.1347,0.0,0.0,,,0,,,4724.1347,23,,"{""g20_T1"": 23}",2,0
fixed_g20_T2,20094,,True,19,29.0,4753.491499999999,0.0,0.0,,,0,,,4753.491499999999,19,,"{""g20_T2"": 19}",2,0
fixed_g20_T3,20094,,True,19,29.0,5531.7924,0.0,0.0,,,0,,,5531.7924,19,,"{""g20_T3"": 19}",2,0
adaptive,20095,"[17, 16]",False,50,150.0,622.9146,35.59500000000001,0.1619,731.9567,658.6714999999999,5,"{'g2_T1': 1, 'g2_T2': 5, 'g5_T2': 42, 'g10_T1': 2}","[""g2_T1"", ""g10_T1"", ""g2_T2"", ""g2_T2"", ""g2_T2"", ""g10_T1"", ""g2_T2"", ""g2_T2"", ""g5_T2"", ""g5_T2"", ""g5_T2"", ""g5_T2"", ""g5_T2"", ""g5_T2"", ""g5_T2"", ""g5_T2"", ""g5_T2"", ""g5_T2"", ""g5_T2"", ""g5_T2"", ""g5_T2"", ""g5_T2"", ""g5_T2"", ""g5_T2"", ""g5_T2"", ""g5_T2"", ""g5_T2"", ""g5_T2"", ""g5_T2"", ""g5_T2"", ""g5_T2"", ""g5_T2"", ""g5_T2"", ""g5_T2"", ""g5_T2"", ""g5_T2"", ""g5_T2"", ""g5_T2"", ""g5_T2"", ""g5_T2"", ""g5_T2"", ""g5_T2"", ""g5_T2"", ""g5_T2"", ""g5_T2"", ""g5_T2"", ""g5_T2"", ""g5_T2"", ""g5_T2"", ""g5_T2""]",658.6714999999999,50,49,"{""g10_T1"": 2, ""g2_T1"": 1, ""g2_T2"": 5, ""g5_T2"": 42}",,
fixed_g2_T1,20095,,False,50,150.0,136.62810000000002,0.0,0.0,,,0,,,136.62810000000002,50,,"{""g2_T1"": 50}",0,0
fixed_g2_T2,20095,,False,50,150.0,304.90919999999994,0.0,0.0,,,0,,,304.90919999999994,50,,"{""g2_T2"": 50}",0,0
fixed_g2_T3,20095,,False,50,150.0,2395.7126,0.0,0.0,,,0,,,2395.7126,50,,"{""g2_T3"": 50}",0,0
fixed_g5_T1,20095,,False,50,150.0,376.1250000000001,0.0,0.0,,,0,,,376.1250000000001,50,,"{""g5_T1"": 50}",0,0
fixed_g5_T2,20095,,True,28,28.0,432.1199,0.0,0.0,,,0,,,432.1199,28,,"{""g5_T2"": 28}",0,0
fixed_g5_T3,20095,,True,24,24.0,8659.430599999998,0.0,0.0,,,0,,,8659.430599999998,24,,"{""g5_T3"": 24}",0,0
fixed_g10_T1,20095,,False,50,150.0,1348.8581,0.0,0.0,,,0,,,1348.8581,50,,"{""g10_T1"": 50}",0,0
fixed_g10_T2,20095,,True,26,26.0,1161.2384,0.0,0.0,,,0,,,1161.2384,26,,"{""g10_T2"": 26}",0,0
fixed_g10_T3,20095,,True,26,26.0,13726.5347,0.0,0.0,,,0,,,13726.5347,26,,"{""g10_T3"": 26}",0,0
fixed_g20_T1,20095,,False,50,150.0,10340.843900000002,0.0,0.0,,,0,,,10340.843900000002,50,,"{""g20_T1"": 50}",0,0
fixed_g20_T2,20095,,True,25,25.0,6487.248200000001,0.0,0.0,,,0,,,6487.248200000001,25,,"{""g20_T2"": 25}",0,0
fixed_g20_T3,20095,,True,26,26.0,7459.4181,0.0,0.0,,,0,,,7459.4181,26,,"{""g20_T3"": 26}",0,0
adaptive,20096,"[18, 11]",True,43,53.0,754.0698000000001,32.013,0.17800000000000002,670.7111,786.2608000000001,7,"{'g2_T1': 1, 'g5_T1': 5, 'g5_T2': 26, 'g10_T1': 1, 'g10_T2': 10}","[""g2_T1"", ""g5_T2"", ""g5_T2"", ""g5_T2"", ""g5_T2"", ""g5_T2"", ""g5_T2"", ""g5_T2"", ""g5_T2"", ""g10_T2"", ""g10_T2"", ""g5_T2"", ""g5_T2"", ""g5_T2"", ""g5_T2"", ""g5_T2"", ""g5_T2"", ""g5_T2"", ""g5_T2"", ""g5_T2"", ""g5_T2"", ""g5_T2"", ""g5_T2"", ""g5_T2"", ""g5_T2"", ""g5_T2"", ""g5_T1"", ""g5_T1"", ""g5_T1"", ""g5_T1"", ""g5_T1"", ""g5_T2"", ""g5_T2"", ""g5_T2"", ""g10_T1"", ""g10_T2"", ""g10_T2"", ""g10_T2"", ""g10_T2"", ""g10_T2"", ""g10_T2"", ""g10_T2"", ""g10_T2""]",786.2608000000001,43,42,"{""g10_T1"": 1, ""g10_T2"": 10, ""g2_T1"": 1, ""g5_T1"": 5, ""g5_T2"": 26}",,
fixed_g2_T1,20096,,False,50,165.5,137.7514,0.0,0.0,,,0,,,137.7514,50,,"{""g2_T1"": 50}",0,31
fixed_g2_T2,20096,,False,50,150.0,302.37719999999996,0.0,0.0,,,0,,,302.37719999999996,50,,"{""g2_T2"": 50}",0,0
fixed_g2_T3,20096,,False,50,150.0,2393.6838999999995,0.0,0.0,,,0,,,2393.6838999999995,50,,"{""g2_T3"": 50}",0,0
fixed_g5_T1,20096,,False,50,150.0,375.45169999999996,0.0,0.0,,,0,,,375.45169999999996,50,,"{""g5_T1"": 50}",0,0
fixed_g5_T2,20096,,False,50,155.0,776.5704,0.0,0.0,,,0,,,776.5704,50,,"{""g5_T2"": 50}",1,0
fixed_g5_T3,20096,,False,50,155.0,18059.6876,0.0,0.0,,,0,,,18059.6876,50,,"{""g5_T3"": 50}",1,0
fixed_g10_T1,20096,,False,50,150.0,1322.8016999999998,0.0,0.0,,,0,,,1322.8016999999998,50,,"{""g10_T1"": 50}",0,0
fixed_g10_T2,20096,,False,50,150.0,1999.3469999999995,0.0,0.0,,,0,,,1999.3469999999995,50,,"{""g10_T2"": 50}",0,0
fixed_g10_T3,20096,,False,50,150.0,26125.086699999993,0.0,0.0,,,0,,,26125.086699999993,50,,"{""g10_T3"": 50}",0,0
fixed_g20_T1,20096,,False,50,150.0,10212.030900000002,0.0,0.0,,,0,,,10212.030900000002,50,,"{""g20_T1"": 50}",0,0
fixed_g20_T2,20096,,False,50,150.0,12378.512900000005,0.0,0.0,,,0,,,12378.512900000005,50,,"{""g20_T2"": 50}",0,0
fixed_g20_T3,20096,,False,50,150.0,14183.716899999998,0.0,0.0,,,0,,,14183.716899999998,50,,"{""g20_T3"": 50}",0,0
adaptive,20097,"[19, 17]",True,34,34.0,866.0876,25.916199999999996,0.19720000000000001,669.1712,892.2009999999999,7,"{'g2_T1': 2, 'g2_T2': 3, 'g10_T1': 24, 'g10_T2': 5}","[""g2_T1"", ""g10_T1"", ""g10_T2"", ""g10_T2"", ""g10_T1"", ""g10_T1"", ""g10_T1"", ""g10_T1"", ""g10_T1"", ""g10_T1"", ""g10_T1"", ""g10_T1"", ""g10_T1"", ""g10_T1"", ""g10_T1"", ""g10_T1"", ""g2_T2"", ""g2_T2"", ""g2_T2"", ""g10_T2"", ""g10_T2"", ""g10_T2"", ""g2_T1"", ""g10_T1"", ""g10_T1"", ""g10_T1"", ""g10_T1"", ""g10_T1"", ""g10_T1"", ""g10_T1"", ""g10_T1"", ""g10_T1"", ""g10_T1"", ""g10_T1""]",892.2009999999999,34,33,"{""g10_T1"": 24, ""g10_T2"": 5, ""g2_T1"": 2, ""g2_T2"": 3}",,
fixed_g2_T1,20097,,False,50,161.5,136.51630000000003,0.0,0.0,,,0,,,136.51630000000003,50,,"{""g2_T1"": 50}",0,23
fixed_g2_T2,20097,,False,50,150.0,303.39650000000006,0.0,0.0,,,0,,,303.39650000000006,50,,"{""g2_T2"": 50}",0,0
fixed_g2_T3,20097,,False,50,150.0,2393.3800999999994,0.0,0.0,,,0,,,2393.3800999999994,50,,"{""g2_T3"": 50}",0,0
fixed_g5_T1,20097,,False,50,150.0,377.79419999999993,0.0,0.0,,,0,,,377.79419999999993,50,,"{""g5_T1"": 50}",0,0
fixed_g5_T2,20097,,True,46,46.0,646.9393000000001,0.0,0.0,,,0,,,646.9393000000001,46,,"{""g5_T2"": 46}",0,0
fixed_g5_T3,20097,,True,46,46.0,16609.47340000001,0.0,0.0,,,0,,,16609.47340000001,46,,"{""g5_T3"": 46}",0,0
fixed_g10_T1,20097,,False,50,150.0,1338.6337999999994,0.0,0.0,,,0,,,1338.6337999999994,50,,"{""g10_T1"": 50}",0,0
fixed_g10_T2,20097,,True,42,42.0,1677.5115000000005,0.0,0.0,,,0,,,1677.5115000000005,42,,"{""g10_T2"": 42}",0,0
fixed_g10_T3,20097,,True,41,41.0,21411.661399999997,0.0,0.0,,,0,,,21411.661399999997,41,,"{""g10_T3"": 41}",0,0
fixed_g20_T1,20097,,False,50,150.0,10326.975,0.0,0.0,,,0,,,10326.975,50,,"{""g20_T1"": 50}",0,0
fixed_g20_T2,20097,,False,50,150.0,12650.528800000002,0.0,0.0,,,0,,,12650.528800000002,50,,"{""g20_T2"": 50}",0,0
fixed_g20_T3,20097,,False,50,150.0,14300.637399999996,0.0,0.0,,,0,,,14300.637399999996,50,,"{""g20_T3"": 50}",0,0
adaptive,20098,"[17, 11]",True,27,32.0,359.87910000000005,19.301299999999998,0.2265,733.2641,379.40690000000006,7,"{'g2_T1': 1, 'g2_T2': 4, 'g5_T2': 19, 'g10_T1': 2, 'g10_T2': 1}","[""g2_T1"", ""g10_T1"", ""g10_T1"", ""g2_T2"", ""g5_T2"", ""g2_T2"", ""g2_T2"", ""g10_T2"", ""g2_T2"", ""g5_T2"", ""g5_T2"", ""g5_T2"", ""g5_T2"", ""g5_T2"", ""g5_T2"", ""g5_T2"", ""g5_T2"", ""g5_T2"", ""g5_T2"", ""g5_T2"", ""g5_T2"", ""g5_T2"", ""g5_T2"", ""g5_T2"", ""g5_T2"", ""g5_T2"", ""g5_T2""]",379.40690000000006,27,26,"{""g10_T1"": 2, ""g10_T2"": 1, ""g2_T1"": 1, ""g2_T2"": 4, ""g5_T2"": 19}",,
fixed_g2_T1,20098,,False,50,155.0,140.31180000000006,0.0,0.0,,,0,,,140.31180000000006,50,,"{""g2_T1"": 50}",1,0
fixed_g2_T2,20098,,False,50,155.0,304.2489,0.0,0.0,,,0,,,304.2489,50,,"{""g2_T2"": 50}",1,0
fixed_g2_T3,20098,,False,50,155.0,2380.574,0.0,0.0,,,0,,,2380.574,50,,"{""g2_T3"": 50}",1,0
fixed_g5_T1,20098,,False,50,158.0,374.9374,0.0,0.0,,,0,,,374.9374,50,,"{""g5_T1"": 50}",0,16
fixed_g5_T2,20098,,True,37,37.0,542.3172999999999,0.0,0.0,,,0,,,542.3172999999999,37,,"{""g5_T2"": 37}",0,0
fixed_g5_T3,20098,,True,43,53.0,15504.7242,0.0,0.0,,,0,,,15504.7242,43,,"{""g5_T3"": 43}",2,0
fixed_g10_T1,20098,,True,27,27.0,702.9402,0.0,0.0,,,0,,,702.9402,27,,"{""g10_T1"": 27}",0,0
fixed_g10_T2,20098,,True,27,27.0,1161.3231999999998,0.0,0.0,,,0,,,1161.3231999999998,27,,"{""g10_T2"": 27}",0,0
fixed_g10_T3,20098,,True,27,27.0,13954.860599999996,0.0,0.0,,,0,,,13954.860599999996,27,,"{""g10_T3"": 27}",0,0
fixed_g20_T1,20098,,True,28,28.0,5665.1095000000005,0.0,0.0,,,0,,,5665.1095000000005,28,,"{""g20_T1"": 28}",0,0
fixed_g20_T2,20098,,True,27,27.0,6875.326699999998,0.0,0.0,,,0,,,6875.326699999998,27,,"{""g20_T2"": 27}",0,0
fixed_g20_T3,20098,,True,27,27.0,7564.679300000001,0.0,0.0,,,0,,,7564.679300000001,27,,"{""g20_T3"": 27}",0,0
adaptive,20099,"[14, 12]",True,18,18.0,215.80210000000002,11.4356,0.1321,813.4968,227.36980000000003,4,"{'g2_T1': 1, 'g2_T2': 6, 'g5_T2': 10, 'g10_T2': 1}","[""g2_T1"", ""g5_T2"", ""g5_T2"", ""g2_T2"", ""g2_T2"", ""g2_T2"", ""g2_T2"", ""g2_T2"", ""g2_T2"", ""g5_T2"", ""g5_T2"", ""g5_T2"", ""g5_T2"", ""g5_T2"", ""g5_T2"", ""g5_T2"", ""g5_T2"", ""g10_T2""]",227.36980000000003,18,17,"{""g10_T2"": 1, ""g2_T1"": 1, ""g2_T2"": 6, ""g5_T2"": 10}",,
fixed_g2_T1,20099,,False,50,150.0,143.4642,0.0,0.0,,,0,,,143.4642,50,,"{""g2_T1"": 50}",0,0
fixed_g2_T2,20099,,False,50,150.0,305.26200000000006,0.0,0.0,,,0,,,305.26200000000006,50,,"{""g2_T2"": 50}",0,0
fixed_g2_T3,20099,,True,23,23.0,1100.5855,0.0,0.0,,,0,,,1100.5855,23,,"{""g2_T3"": 23}",0,0
fixed_g5_T1,20099,,True,29,34.0,218.24360000000001,0.0,0.0,,,0,,,218.24360000000001,29,,"{""g5_T1"": 29}",1,0
fixed_g5_T2,20099,,True,20,20.0,301.8124,0.0,0.0,,,0,,,301.8124,20,,"{""g5_T2"": 20}",0,0
fixed_g5_T3,20099,,True,20,20.0,7196.002700000001,0.0,0.0,,,0,,,7196.002700000001,20,,"{""g5_T3"": 20}",0,0
fixed_g10_T1,20099,,True,24,34.0,641.3919999999999,0.0,0.0,,,0,,,641.3919999999999,24,,"{""g10_T1"": 24}",2,0
fixed_g10_T2,20099,,True,21,26.0,849.7044999999999,0.0,0.0,,,0,,,849.7044999999999,21,,"{""g10_T2"": 21}",1,0
fixed_g10_T3,20099,,True,20,20.0,10442.492200000002,0.0,0.0,,,0,,,10442.492200000002,20,,"{""g10_T3"": 20}",0,0
fixed_g20_T1,20099,,True,23,28.0,4810.230999999999,0.0,0.0,,,0,,,4810.230999999999,23,,"{""g20_T1"": 23}",1,0
fixed_g20_T2,20099,,True,23,28.0,5734.7491,0.0,0.0,,,0,,,5734.7491,23,,"{""g20_T2"": 23}",1,0
fixed_g20_T3,20099,,True,24,29.0,6923.555699999998,0.0,0.0,,,0,,,6923.555699999998,24,,"{""g20_T3"": 24}",1,0
